,nama_nasabah,jenis_kelamin,umur,jml_pinjaman,jkw,jml_angsuran_per_bulan,type_pinjaman,jenis_pinjaman,bi_sektor_ekonomi,col,bi_golongan_debitur,bi_gol_penjamin,saldo_nominatif,tunggakan_pokok,tunggakan_bunga,status kredit
0,x1,P,40.0,345000.0,1.0,345000.0,100,301,6000.0,1,874,875,345000.0,345000.0,0.0,MACET
1,x2,L,31.0,350000.0,7.0,55716.0,100,301,6000.0,1,874,875,390000.0,111428.0,0.0,MACET
2,x3,L,29.073976221928667,649926.0,6.0,108321.0,100,301,6000.0,1,874,875,649926.0,216642.0,0.0,MACET
3,x4,P,2.0,459168.0,19.011873350923484,38264.0,100,301,6000.0,1,874,875,459168.0,382640.0,0.0,MACET
4,x5,P,34.0,3055499.0,8.0,381937.41,100,301,6000.0,1,874,875,3055499.0,1527749.48,0.0,MACET
5,x6,L,49.0,2000000.0,19.011873350923484,0.0,100,301,6000.0,1,874,875,-85000.0,0.0,0.0,LANCAR
6,x7,L,29.073976221928667,8333334.0,10.0,833333.4,100,301,6000.0,1,874,875,8333334.0,3333333.6,0.0,MACET
7,x8,L,27.0,4435001.0,8.0,671098.0,100,301,6000.0,1,874,875,4435001.0,0.0,0.0,LANCAR
8,x9,L,29.073976221928667,560000.0,19.011873350923484,95221.0,100,301,6000.0,1,874,875,660800.0,100800.0,0.0,MACET
9,x10,L,49.0,1443750.0,15.0,107800.0,100,301,6000.0,1,874,875,1617000.0,1078000.0,0.0,MACET
10,x11,L,42.0,3066000.0,10.0,351670.0,100,301,6000.0,1,874,875,3066000.0,613200.0,90140.0,MACET
11,x12,L,26.0,4071669.0,20.0,203583.45,100,301,6000.0,1,874,875,3671669.0,1228667.6,0.0,MACET
12,x13,L,29.073976221928667,228655000.0,19.011873350923484,7495303.73,100,301,6000.0,1,874,875,209404092.0,91612122.24,7362732.0,MACET
13,x14,L,55.0,840000.0,4.0,60000.0,100,301,6000.0,1,874,875,240000.0,240000.0,0.0,MACET
14,x15,L,38.0,3000000.0,24.0,147500.0,100,301,6000.0,1,874,0,2500000.0,875000.0,157500.0,MACET
15,x16,P,29.073976221928667,1640000.0,19.011873350923484,102500.0,100,301,6000.0,1,874,875,1600000.0,985000.0,0.0,MACET
16,x17,L,41.0,930000.01,4.0,45000.01,100,301,6000.0,1,874,0,180000.01,180000.01,0.0,MACET
17,x18,L,26.0,2000000.0,20.0,115000.0,100,301,6000.0,1,874,0,1800000.0,700000.0,105000.0,MACET
18,x19,P,29.073976221928667,83337.0,19.011873350923484,12812.2,100,301,6000.0,1,874,875,102497.04,102497.04,0.0,MACET
19,x20,L,35.0,1000000.0,12.0,98333.37,100,301,6000.0,1,874,875,810000.0,643333.3,105000.0,MACET
20,x21,L,29.073976221928667,6008939.0,19.011873350923484,853353.0,100,301,6000.0,1,874,875,5208939.0,124452.1,0.0,MACET
21,x22,P,49.0,4000000.0,24.0,81944.25,100,301,6000.0,1,874,875,742662.0,0.0,0.0,LANCAR
22,x23,L,39.0,3000000.0,19.011873350923484,390000.0,100,301,6000.0,1,874,875,3900000.0,1560000.0,0.0,MACET
23,x24,P,29.073976221928667,953000.0,6.0,158833.35,100,301,6000.0,1,874,875,953000.0,317666.66,0.0,MACET
24,x25,P,2.0,775811.0,12.0,64650.99,100,301,6000.0,1,874,875,775811.0,129301.82,0.0,MACET
25,x26,P,42.0,860000.0,8.0,88607.16,100,301,6000.0,1,874,875,708857.0,708857.0,0.0,MACET
26,x27,P,49.0,270000.0,6.0,45000.0,100,301,6000.0,1,874,875,270000.0,90000.0,0.0,MACET
27,x28,L,39.0,583335.0,12.0,52986.25,100,301,6000.0,1,874,875,635835.0,529862.5,0.0,MACET
28,x29,L,26.0,506835.0,12.0,45986.25,100,301,6000.0,1,874,875,551835.0,459862.5,0.0,MACET
29,x30,L,50.0,1500000.0,8.0,192082.53,100,301,9990.0,1,874,875,1536657.37,1536657.37,0.0,MACET
30,x31,P,42.0,185169.0,8.0,25021.16,100,301,6000.0,1,874,875,200169.0,200169.0,0.0,MACET
31,x32,L,57.0,486000.0,8.0,60750.0,100,301,6000.0,1,874,875,486000.0,486000.0,0.0,MACET
32,x33,L,36.0,666667.0,6.0,115611.2,100,301,6000.0,1,874,875,693667.0,231222.32,0.0,MACET
33,x34,P,58.0,90000.0,5.0,18000.0,100,301,6000.0,1,874,875,90000.0,36000.0,0.0,MACET
34,x35,L,41.0,10550000.0,12.0,1160416.74,100,301,6000.0,1,874,875,332500.0,0.0,0.0,LANCAR
35,x36,L,35.0,1000000.0,6.0,181666.7,100,301,6000.0,1,874,875,1090000.0,363333.32,0.0,MACET
36,x37,P,43.0,28950000.0,141.0,299114.98,100,301,6000.0,1,874,875,27399322.0,0.0,0.0,LANCAR
37,x38,P,49.0,535835.0,12.0,44652.99,100,301,6000.0,1,874,875,535835.0,446529.1,0.0,MACET
38,x39,L,36.0,6933332.0,12.0,444444.37,100,301,6000.0,1,874,875,6433332.0,3944443.3,0.0,MACET
39,x40,P,44.0,1116263.0,20.0,55813.15,100,301,6000.0,1,874,875,945263.0,387131.5,0.0,MACET
40,x41,P,52.0,610000.0,6.0,106666.7,100,301,6000.0,1,874,875,640000.0,213333.32,0.0,MACET
41,x42,L,31.0,1820000.0,10.0,182000.0,100,301,6000.0,1,874,875,1585000.0,0.0,0.0,LANCAR
42,x43,P,35.0,1458339.0,8.0,218750.68,100,301,6000.0,1,874,875,1750005.02,1750005.02,0.0,MACET
43,x44,P,36.0,495000.0,12.0,43725.0,100,301,6000.0,1,874,875,524700.0,437250.0,0.0,MACET
44,x45,L,46.0,4000000.0,24.0,233333.41,100,301,6000.0,1,874,875,5500000.0,2233333.3,0.0,MACET
45,x46,P,41.0,2040000.0,12.0,229500.0,100,301,6000.0,1,874,875,2754000.0,2295000.0,0.0,MACET
46,x47,L,28.0,1430666.0,12.0,119222.24,100,301,6000.0,1,874,875,1430666.0,1192221.6,0.0,MACET
47,x48,P,31.0,187500.0,5.0,45500.0,100,301,6000.0,1,874,875,227500.0,403500.0,0.0,MACET
48,x49,P,55.0,1060000.0,12.0,108333.37,100,301,6000.0,1,874,875,947000.0,770333.3,80000.0,MACET
49,x50,P,42.0,1400000.0,12.0,116666.74,100,301,6000.0,1,874,800,915000.0,564999.94,0.0,MACET
50,x51,L,41.0,1376666.7,10.0,137666.7,100,301,6000.0,1,874,0,1046666.7,909000.3,0.0,MACET
51,x52,L,44.0,145000.0,5.0,29000.0,100,301,6000.0,1,874,0,145000.0,58000.0,0.0,MACET
52,x53,P,42.0,124000.0,5.0,24800.0,100,301,6000.0,1,874,0,124000.0,49600.0,0.0,MACET
53,x54,P,36.0,603750.0,7.0,120750.0,100,301,6000.0,1,874,0,603750.0,172500.0,0.0,MACET
54,x55,P,31.0,200000.0,2.0,19000.0,100,301,9990.0,1,874,874,38000.0,38000.0,0.0,MACET
55,x56,P,43.0,543833.42,5.0,108767.02,100,301,6000.0,1,874,0,193833.42,85066.4,0.0,MACET
56,x57,P,47.0,1680000.0,4.0,510000.0,100,301,6000.0,1,874,0,1680000.0,840000.0,180000.0,MACET
57,x58,L,32.0,3000000.0,3.0,465000.0,100,301,6000.0,1,874,0,1125000.0,1125000.0,270000.0,MACET
58,x59,L,46.0,1333333.34,4.0,393333.59,100,301,6000.0,1,874,0,1333333.34,666666.5,120000.0,MACET
59,x60,P,40.0,1086000.0,20.0,54300.0,100,301,6000.0,1,874,0,1086000.0,651600.0,0.0,MACET
60,x61,L,56.0,653333.34,9.0,60926.77,100,301,6000.0,1,874,0,490740.79,490740.79,57595.61,MACET
61,x62,L,48.0,900000.0,3.0,345000.0,100,301,6000.0,1,874,0,900000.0,600000.0,90000.0,MACET
62,x63,P,41.0,666666.68,10.0,72666.7,100,301,6000.0,1,874,0,666666.68,666666.68,60000.0,MACET
63,x64,P,46.0,3800000.0,4.0,1130000.0,100,301,6000.0,1,874,0,2850000.0,950000.0,310000.0,MACET
64,x65,L,45.0,333333.36,4.0,90833.61,100,301,6000.0,1,874,0,333333.36,333333.36,30000.0,MACET
65,x66,P,30.0,1590000.0,53.0,34500.0,100,301,6000.0,1,874,0,1590000.0,330000.0,49500.0,MACET
66,x67,P,46.0,1200000.0,4.0,345000.0,100,301,6000.0,1,874,0,1000000.0,400000.0,90000.0,MACET
67,x68,L,67.0,875000.0,17.0,54529.78,100,301,6000.0,1,874,0,875000.0,566176.38,33649.0,MACET
68,x69,L,32.0,1500000.0,5.0,345000.0,100,301,6000.0,1,874,0,690000.0,0.0,0.0,LANCAR
69,x70,P,42.0,5000000.0,10.0,650000.0,100,301,6000.0,1,874,0,3500000.0,2500000.0,750000.0,MACET
70,x71,P,46.0,1406250.0,15.0,105000.0,100,301,6000.0,1,874,0,1406250.0,937500.0,112500.0,MACET
71,x72,L,44.0,1000000.0,3.0,363333.34,100,301,6000.0,1,874,0,1000000.0,333333.33,30000.0,MACET
72,x73,P,40.0,7000000.0,46.0,173478.41,100,301,6000.0,1,874,0,5170780.54,3496867.39,489992.0,MACET
73,x74,P,43.0,1000000.0,31.0,11548.6,100,301,6000.0,1,874,0,311500.0,311500.0,46500.0,MACET
74,x75,L,27.0,1000000.0,21.0,11547.38,100,301,6000.0,1,874,0,209500.0,209500.0,33000.0,MACET
75,x76,P,43.0,10000000.0,8.0,1550000.0,100,301,6000.0,1,874,0,4950000.0,2450000.0,900000.0,MACET
76,x77,P,41.0,1500000.0,16.0,87812.53,100,301,6000.0,1,874,0,1213750.0,1213750.0,191250.0,MACET
77,x78,L,43.0,5000000.0,10.0,775000.0,100,301,6000.0,1,874,0,2000000.0,0.0,0.0,LANCAR
78,x79,L,41.0,1425000.0,19.0,86250.0,100,301,6000.0,1,874,0,1425000.0,750000.0,112500.0,MACET
79,x80,P,35.0,1000000.0,13.0,11423.16,100,301,6000.0,1,874,0,129000.0,129000.0,19500.0,MACET
80,x81,L,43.0,1500000.0,7.0,18535.38,100,301,6000.0,1,874,0,111750.0,111750.0,18000.0,MACET
81,x82,P,36.0,1500000.0,6.0,86250.0,100,301,6000.0,1,874,0,450000.0,450000.0,67500.0,MACET
82,x83,P,40.0,10000000.0,8.0,1550000.0,100,301,6000.0,1,874,0,3750000.0,0.0,0.0,LANCAR
83,x84,L,29.0,16000000.0,48.0,453333.49,100,301,6000.0,1,874,0,9996666.71,1329999.97,480000.0,MACET
84,x85,L,42.0,10000000.0,24.0,491666.82,100,301,6000.0,1,874,0,2083333.46,1249999.98,225000.0,MACET
85,x86,P,36.0,675000.0,27.0,26519.23,100,301,6000.0,1,874,0,625000.0,225000.0,13709.0,MACET
86,x87,P,35.0,2000000.0,100.0,23000.0,100,301,6000.0,1,874,0,1540000.0,1480000.0,222000.0,MACET
87,x88,L,38.0,1500000.0,5.0,345000.0,100,301,6000.0,1,874,0,300000.0,0.0,0.0,LANCAR
88,x89,L,43.0,1500000.0,100.0,17250.0,100,301,6000.0,1,874,0,963500.0,918500.0,137250.0,MACET
89,x90,P,43.0,5000000.0,24.0,245833.41,100,301,6000.0,1,874,0,1041666.73,0.0,0.0,LANCAR
90,x91,P,34.0,2500000.0,24.0,122916.82,100,301,6000.0,1,874,0,625000.12,104166.66,18750.0,LANCAR
91,x92,P,32.0,1000000.0,100.0,11500.0,100,301,6000.0,1,874,0,310000.0,260000.0,38500.0,MACET
92,x93,P,43.0,1500000.0,5.0,345000.0,100,301,6000.0,1,874,0,300000.0,0.0,0.0,LANCAR
93,x94,P,42.0,5000000.0,24.0,245833.41,100,301,6000.0,1,874,0,2500000.04,416666.66,75000.0,LANCAR
94,x95,P,41.0,2000000.0,24.0,98333.41,100,301,6000.0,1,874,0,833333.38,0.0,0.0,LANCAR
95,x96,P,48.0,2500000.0,24.0,122916.82,100,301,6000.0,1,874,0,1457500.0,207499.92,37500.0,LANCAR
96,x97,P,37.0,1500000.0,100.0,17250.0,100,301,6000.0,1,874,0,860250.0,305250.0,47250.0,MACET
97,x98,P,31.0,10000000.0,40.0,325000.0,100,301,6000.0,1,874,0,7250000.0,0.0,0.0,LANCAR
98,x99,L,40.0,10000000.0,144.0,79863.04,100,301,6000.0,1,874,0,7775006.72,1802784.24,270842.0,MACET
99,x100,P,43.0,1000000.0,12.0,90833.37,100,301,6000.0,1,874,0,333333.36,166666.66,15000.0,LANCAR
100,x101,P,40.0,1500000.0,20.0,86250.0,100,301,6000.0,1,874,0,750000.0,0.0,0.0,LANCAR
101,x102,P,44.0,2000000.0,16.0,140000.0,100,301,6000.0,1,874,0,1244000.0,494000.0,60000.0,MACET
102,x103,L,38.0,1000000.0,12.0,90833.37,100,301,6000.0,1,874,0,250000.03,83333.33,7500.0,LANCAR
103,x104,P,40.0,1000000.0,12.0,90833.37,100,301,6000.0,1,874,0,666666.68,499999.98,58333.32,MACET
104,x105,L,35.0,4000000.0,120.0,39333.73,100,301,6000.0,1,874,0,2466666.82,166666.65,30000.0,LANCAR
105,x106,L,28.0,2000000.0,20.0,115000.0,100,301,6000.0,1,874,0,1100000.0,100000.0,15000.0,LANCAR
106,x107,P,48.0,2500000.0,24.0,122916.82,100,301,6000.0,1,874,0,2500000.0,1041666.6,187500.0,MACET
107,x108,P,36.0,4000000.0,24.0,196666.82,100,301,6000.0,1,874,0,2833333.38,499999.98,90000.0,MACET
108,x109,L,34.0,1500000.0,20.0,86250.0,100,301,6000.0,1,874,0,900000.0,75000.0,11250.0,LANCAR
109,x110,L,41.0,4000000.0,24.0,196666.82,100,301,6000.0,1,874,0,2500000.06,0.0,0.0,LANCAR
110,x111,L,43.0,5000000.0,24.0,245833.41,100,301,6000.0,1,874,0,4166666.68,1041666.65,187500.0,MACET
111,x112,L,37.0,2000000.0,100.0,23000.0,100,301,6000.0,1,874,0,1600000.0,440000.0,66000.0,MACET
112,x113,P,37.0,2000000.0,24.0,98333.41,100,301,6000.0,1,874,0,1500000.02,249999.99,45000.0,MACET
113,x114,P,41.0,1000000.0,12.0,90833.37,100,301,6000.0,1,874,0,666666.68,416666.65,37500.0,MACET
114,x115,P,41.0,1000000.0,12.0,90833.37,100,301,6000.0,1,874,0,416666.69,166666.66,15000.0,LANCAR
115,x116,P,45.0,3000000.0,24.0,147500.0,100,301,6000.0,1,874,0,2250000.0,250000.0,45000.0,LANCAR
116,x117,L,31.0,1000000.0,100.0,11500.0,100,301,6000.0,1,874,0,850000.0,250000.0,37000.0,MACET
117,x118,P,39.0,1500000.0,16.0,105000.0,100,301,6000.0,1,874,0,750000.0,0.0,0.0,LANCAR
118,x119,P,40.0,1500000.0,20.0,86250.0,100,301,6000.0,1,874,0,1050000.0,75000.0,11250.0,LANCAR
119,x120,L,25.0,1000000.0,12.0,90833.37,100,301,6000.0,1,874,0,732500.0,315833.31,30000.0,MACET
120,x121,L,40.0,2000000.0,16.0,140000.0,100,301,6000.0,1,874,0,1125000.0,0.0,0.0,LANCAR
121,x122,P,35.0,5000000.0,24.0,245833.41,100,301,6000.0,1,874,0,3541666.69,0.0,0.0,LANCAR
122,x123,P,37.0,2500000.0,24.0,122916.82,100,301,6000.0,1,874,0,1872916.7,102083.32,18750.0,LANCAR
123,x124,P,41.0,6000000.0,32.0,232500.0,100,301,6000.0,1,874,0,5436500.0,749000.0,180000.0,MACET
124,x125,P,35.0,7000000.0,24.0,344166.82,100,301,6000.0,1,874,0,5541666.7,583333.32,105000.0,LANCAR
125,x126,P,36.0,1500000.0,20.0,86250.0,100,301,6000.0,1,874,0,1050000.0,75000.0,11250.0,LANCAR
126,x127,P,32.0,1500000.0,80.0,21000.0,100,301,6000.0,1,874,0,1068750.0,187500.0,22500.0,MACET
127,x128,L,27.0,2000000.0,16.0,140000.0,100,301,6000.0,1,874,0,1125000.0,0.0,0.0,LANCAR
128,x129,P,31.0,1500000.0,20.0,86250.0,100,301,6000.0,1,874,0,1050000.0,0.0,0.0,LANCAR
129,x130,L,29.0,1000000.0,100.0,11500.0,100,301,6000.0,1,874,0,686500.0,0.0,0.0,LANCAR
130,x131,P,32.0,800000.0,80.0,11600.0,100,301,6000.0,1,874,0,592000.0,102000.0,17600.0,MACET
131,x132,P,41.0,4000000.0,24.0,196666.82,100,301,6000.0,1,874,0,3333333.36,333333.32,60000.0,MACET
132,x133,P,40.0,1500000.0,20.0,86250.0,100,301,6000.0,1,874,0,1045500.0,0.0,0.0,LANCAR
133,x134,L,21.0,1500000.0,5.0,345000.0,100,301,6000.0,1,874,0,900000.0,0.0,0.0,LANCAR
134,x135,L,41.0,2000000.0,24.0,98333.41,100,301,6000.0,1,874,0,1833333.34,333333.32,60000.0,MACET
135,x136,L,32.0,1500000.0,5.0,345000.0,100,301,6000.0,1,874,0,900000.0,0.0,0.0,LANCAR
136,x137,L,40.0,1000000.0,3.0,363333.34,100,301,6000.0,1,874,0,666000.0,0.0,0.0,LANCAR
137,x138,L,27.0,1000000.0,3.0,363333.34,100,301,6000.0,1,874,0,665000.0,0.0,0.0,LANCAR
138,x139,P,38.0,1500000.0,120.0,14750.0,100,301,6000.0,1,874,0,1398000.0,235500.0,42750.0,MACET
139,x140,L,38.0,5000000.0,2.0,2650000.0,100,301,6000.0,1,874,0,2500000.0,0.0,0.0,LANCAR
140,x141,P,42.0,1500000.0,5.0,345000.0,100,301,6000.0,1,874,0,1200000.0,0.0,0.0,LANCAR
141,x142,L,27.0,1000000.0,12.0,90833.37,100,301,6000.0,1,874,0,750000.01,83333.33,7500.0,LANCAR
142,x143,L,30.0,1500000.0,5.0,345000.0,100,301,6000.0,1,874,0,1500000.0,0.0,0.0,LANCAR
143,x144,L,25.0,500000.0,8.0,67500.0,100,301,6000.0,1,874,0,248000.0,0.0,0.0,LANCAR
144,x145,L,48.0,1500000.0,1.0,1545000.0,100,301,6000.0,1,874,0,1500000.0,0.0,0.0,LANCAR
145,x146,P,33.0,3500000.0,8.0,542500.0,100,301,6000.0,1,874,0,3500000.0,0.0,0.0,LANCAR
146,x147,P,39.0,1000000.0,12.0,90833.37,100,301,6000.0,1,874,0,750000.01,83333.33,7500.0,LANCAR
147,x148,L,34.0,1000000.0,12.0,90833.37,100,301,6000.0,1,874,0,833166.67,166499.99,15000.0,LANCAR
148,x149,L,32.0,2000000.0,6.0,393333.35,100,301,6000.0,1,874,0,2000000.0,0.0,0.0,LANCAR
149,x150,L,28.0,1000000.0,12.0,90833.37,100,301,6000.0,1,874,0,666000.0,0.0,0.0,LANCAR
150,x151,P,37.0,1500000.0,16.0,105000.0,100,301,6000.0,1,874,0,1218750.0,93750.0,11250.0,LANCAR
151,x152,L,37.0,10000000.0,12.0,1133333.37,100,301,6000.0,1,874,0,10000000.0,0.0,0.0,LANCAR
152,x153,P,38.0,1000000.0,12.0,90833.37,100,301,6000.0,1,874,0,833000.0,82999.99,7500.0,LANCAR
153,x154,P,46.0,1500000.0,16.0,105000.0,100,301,6000.0,1,874,0,1406250.0,187500.0,22500.0,MACET
154,x155,P,36.0,1000000.0,12.0,90833.37,100,301,6000.0,1,874,0,917500.0,167499.99,15000.0,MACET
155,x156,P,38.0,1500000.0,16.0,105000.0,100,301,6000.0,1,874,0,1218750.0,0.0,0.0,LANCAR
156,x157,P,45.0,5000000.0,10.0,650000.0,100,301,6000.0,1,874,0,5000000.0,0.0,0.0,LANCAR
157,x158,L,23.0,5000000.0,10.0,650000.0,100,301,6000.0,1,874,0,5000000.0,0.0,0.0,LANCAR
158,x159,P,35.0,1500000.0,20.0,86250.0,100,301,6000.0,1,874,0,1350000.0,0.0,0.0,LANCAR
159,x160,P,35.0,1500000.0,16.0,105000.0,100,301,6000.0,1,874,0,1312500.0,0.0,0.0,LANCAR
160,x161,P,41.0,5000000.0,10.0,650000.0,100,301,6000.0,1,874,0,5000000.0,0.0,0.0,LANCAR
161,x162,P,19.0,1000000.0,3.0,363333.34,100,301,6000.0,1,874,0,1000000.0,0.0,0.0,LANCAR
162,x163,L,40.0,2500000.0,5.0,575000.0,100,301,6000.0,1,874,0,2500000.0,0.0,0.0,LANCAR
163,x164,P,28.0,1500000.0,5.0,345000.0,100,301,6000.0,1,874,0,1500000.0,0.0,0.0,LANCAR
164,x165,L,28.0,1000000.0,3.0,363333.34,100,301,6000.0,1,874,0,1000000.0,0.0,0.0,LANCAR
165,x166,P,37.0,1000000.0,3.0,363333.34,100,301,6000.0,1,874,0,1000000.0,0.0,0.0,LANCAR
166,x167,L,32.0,3000000.0,6.0,590000.0,100,301,6000.0,1,874,0,3000000.0,0.0,0.0,LANCAR
167,x168,L,37.0,4000000.0,6.0,786666.7,100,301,6000.0,1,874,0,4000000.0,0.0,0.0,LANCAR
168,x169,L,42.0,1500000.0,20.0,86250.0,100,301,6000.0,1,874,0,1200000.0,0.0,0.0,LANCAR
169,x170,P,41.0,325358.64,6.0,54228.64,100,301,6000.0,1,874,875,325358.64,108452.0,0.0,MACET
170,x171,P,31.0,110285.01,5.0,22057.01,100,301,6000.0,1,874,875,110285.01,44114.0,0.0,MACET
171,x172,L,33.0,2350000.0,12.0,233433.0,100,301,6000.0,1,874,875,2350000.0,391666.0,75200.0,MACET
172,x173,P,36.0,750000.0,8.0,74750.0,100,301,6000.0,1,874,875,598000.0,598000.0,0.0,MACET
173,x174,P,44.0,530000.0,8.0,66250.0,100,301,6000.0,1,874,875,530000.0,530000.0,0.0,MACET
174,x175,P,34.0,147667.0,8.0,18458.41,100,301,6000.0,1,874,875,147667.0,147667.0,0.0,MACET
175,x176,P,40.0,395508.52,6.0,65918.16,100,301,6000.0,1,874,875,395508.52,131836.32,0.0,MACET
176,x177,P,35.0,1000000.0,6.0,175056.0,100,301,6000.0,1,874,875,1050335.52,350112.0,0.0,MACET
177,x178,P,33.0,500000.0,5.0,100000.0,100,301,6000.0,1,874,875,500000.0,200000.0,0.0,MACET
178,x179,P,40.0,960335.52,6.0,160056.0,100,301,6000.0,1,874,875,960335.52,320112.0,0.0,MACET
179,x180,P,41.0,323669.52,6.0,53945.0,100,301,6000.0,1,874,875,323669.52,107890.0,0.0,MACET
180,x181,L,48.0,1600000.0,10.0,160000.0,100,301,6000.0,1,874,875,1458651.05,498651.05,0.0,MACET
181,x182,P,40.0,1000000.0,8.0,128387.62,100,301,6000.0,1,874,875,1027100.65,1027100.65,0.0,MACET
182,x183,L,48.0,2850000.0,12.0,280250.0,100,301,6000.0,1,874,875,2850000.0,475000.0,0.0,MACET
183,x184,P,2.0,680000.0,12.0,61666.74,100,301,6000.0,1,874,875,604000.0,490666.6,45000.0,MACET
184,x185,P,36.0,496668.0,12.0,43889.0,100,301,6000.0,1,874,875,334668.0,246890.0,0.0,MACET
185,x186,P,39.0,930000.0,6.0,158160.16,100,301,6000.0,1,874,875,948960.58,316320.32,0.0,MACET
186,x187,P,39.0,500000.0,8.0,32250.0,100,301,6000.0,1,874,875,258000.0,258000.0,0.0,MACET
187,x188,P,41.0,555000.0,8.0,75000.0,100,301,6000.0,1,874,875,600000.0,600000.0,0.0,MACET
188,x189,P,38.0,345000.0,5.0,78000.0,100,301,6000.0,1,874,875,390000.0,156000.0,0.0,MACET
189,x190,L,55.0,3000000.0,12.0,295000.0,100,301,6000.0,1,874,875,3304000.0,2714000.0,0.0,MACET
190,x191,P,40.0,880000.0,5.0,44200.0,100,301,6000.0,1,874,835,221000.0,221000.0,0.0,MACET
191,x192,P,48.0,945565.59,6.0,157594.33,100,301,6000.0,1,874,875,945565.59,315188.66,0.0,MACET
192,x193,L,48.0,320000.0,3.0,106666.68,100,301,6000.0,1,874,875,320000.0,320000.0,0.0,MACET
193,x194,P,36.0,2540000.0,6.0,415000.0,100,301,6000.0,1,874,875,2490000.0,2490000.0,0.0,MACET
194,x195,P,38.0,593334.0,6.0,98889.0,100,301,6000.0,1,874,875,593334.0,593334.0,0.0,MACET
195,x196,P,37.0,2380000.0,6.0,341185.91,100,301,6000.0,1,874,875,2047114.21,2047114.21,0.0,MACET
196,x197,L,33.0,920000.0,5.0,184000.0,100,301,6000.0,1,874,0,320000.0,136000.0,0.0,MACET
197,x198,L,47.0,5000000.0,24.0,245833.41,100,301,6000.0,1,874,0,3333333.36,833333.32,150000.0,MACET
198,x199,L,42.0,1500000.0,20.0,86250.0,100,301,6000.0,1,874,0,1200000.0,225000.0,33750.0,MACET
199,x200,L,35.0,1500000.0,16.0,105000.0,100,301,6000.0,1,874,0,937500.0,0.0,0.0,LANCAR
200,x201,P,32.0,333334.0,8.0,45416.75,100,301,6000.0,1,874,875,363334.0,363334.0,0.0,MACET
201,x202,P,42.0,725000.0,24.0,30208.41,100,301,6000.0,1,874,875,725000.0,302083.3,0.0,MACET
202,x203,L,3.0,136900.0,8.0,17112.5,100,301,6000.0,1,874,875,136900.0,136900.0,0.0,MACET
203,x204,L,3.0,1567500.0,10.0,183750.0,100,301,6000.0,1,874,875,1837500.0,735000.0,0.0,MACET
204,x205,L,53.0,383750.0,46.0,8342.45,100,301,6000.0,1,874,875,343750.0,43423.9,0.0,MACET
205,x206,P,47.0,561250.0,16.0,36874.78,100,301,6000.0,1,874,875,514994.08,293746.2,0.0,MACET
206,x207,P,42.0,511252.0,7.0,75689.0,100,301,6000.0,1,874,875,529821.0,151378.0,0.0,MACET
207,x208,P,47.0,576650.2,57.0,16476.06,100,301,6000.0,1,874,875,496650.2,21166.6,0.0,MACET
208,x209,P,30.0,3000000.0,12.0,0.0,100,301,6000.0,1,874,875,-3000000.0,0.0,0.0,LANCAR
209,x210,P,30.0,4000000.0,12.0,0.0,100,301,6000.0,1,874,875,-4000000.0,0.0,0.0,LANCAR
210,x211,P,36.0,1670000.0,24.0,75416.82,100,301,6000.0,1,874,875,1770000.0,714166.6,0.0,MACET
211,x212,P,33.0,126670.0,12.0,10972.5,100,301,6000.0,1,874,875,131670.0,109725.0,0.0,MACET
212,x213,L,2.0,42500000.0,25.0,2166000.0,100,301,6000.0,1,874,875,41500000.0,26200000.0,6064000.0,MACET
213,x214,P,30.0,680000.0,40.0,18150.0,100,301,6000.0,1,874,875,726000.0,181500.0,0.0,MACET
214,x215,P,41.0,840278.0,12.0,76325.28,100,301,6000.0,1,874,875,915902.04,763251.6,0.0,MACET
215,x216,P,51.0,1910000.0,80.0,25282.97,100,301,6000.0,1,874,875,1962606.0,192825.7,0.0,MACET
216,x217,P,41.0,1125000.0,12.0,96667.82,100,301,6000.0,1,874,875,1160012.08,966676.6,0.0,MACET
217,x218,P,40.0,845000.0,20.0,47200.0,100,301,6000.0,1,874,875,924000.0,452000.0,0.0,MACET
218,x219,P,27.0,975000.0,28.0,37187.56,100,301,6000.0,1,874,875,1011244.12,341872.8,0.0,MACET
219,x220,P,38.0,2450000.0,10.0,245000.0,100,301,6000.0,1,874,875,2400000.0,930000.0,0.0,MACET
220,x221,P,43.0,975000.0,12.0,93437.5,100,301,6000.0,1,874,875,971250.0,784375.0,0.0,MACET
221,x222,L,50.0,1655000.0,50.0,33626.32,100,301,6000.0,1,874,875,1681316.0,336263.2,0.0,MACET
222,x223,P,44.0,525000.0,9.0,49660.0,100,301,6000.0,1,874,875,510250.0,454225.0,0.0,MACET
223,x224,P,28.0,2330402.0,24.0,105433.57,100,301,6000.0,1,874,875,1975402.0,499334.1,0.0,MACET
224,x225,P,35.0,1833334.0,20.0,0.0,100,301,6000.0,1,874,875,1833334.0,1833334.0,330000.0,LANCAR
225,x226,P,38.0,1499333.0,12.0,134944.49,100,301,6000.0,1,874,875,1619333.0,1349444.1,0.0,MACET
226,x227,P,53.0,1190000.0,20.0,67750.0,100,301,6000.0,1,874,875,1355000.0,677500.0,0.0,MACET
227,x228,P,38.0,666668.0,12.0,60555.74,100,301,6000.0,1,874,875,666668.0,545556.6,0.0,MACET
228,x229,P,50.0,567501.0,12.0,47291.75,100,301,6000.0,1,874,875,347501.0,252917.5,0.0,MACET
229,x230,P,34.0,215835.0,12.0,17986.25,100,301,6000.0,1,874,875,165835.0,129862.5,0.0,MACET
230,x231,P,40.0,500000.0,5.0,115000.0,100,301,6013.045751633987,1,874,875,500000.0,200000.0,30000.0,MACET
231,x232,P,36.0,590004.08,12.0,49167.08,100,301,6000.0,1,874,875,340004.08,241670.0,0.0,MACET
232,x233,P,36.0,1559581.0,20.0,92979.05,100,301,6000.0,1,874,875,1859581.0,929790.5,0.0,MACET
233,x234,L,31.0,932500.0,16.0,62812.25,100,301,6000.0,1,874,875,254996.0,0.0,0.0,LANCAR
234,x235,L,41.0,18834999.0,20.0,1435332.95,100,301,6000.0,1,874,875,3496744.0,0.0,493583.0,MACET
235,x236,P,29.0,666667.0,8.0,28333.41,100,301,6000.0,1,874,875,226667.0,226667.0,0.0,MACET
236,x237,L,40.0,650000.0,13.0,50000.0,100,301,6000.0,1,874,875,650000.0,500000.0,0.0,MACET
237,x238,P,30.0,2950001.0,10.0,325646.0,100,301,6000.0,1,874,875,2950001.0,2950001.0,0.0,MACET
238,x239,P,37.0,1340000.0,12.0,111666.74,100,301,6000.0,1,874,875,1025000.0,801666.6,0.0,MACET
239,x240,P,46.0,1739996.0,16.0,108749.75,100,301,6000.0,1,874,875,1539996.0,887497.5,0.0,MACET
240,x241,P,29.0,1499995.0,16.0,95312.3,100,301,6000.0,1,874,875,1524995.0,953121.8,0.0,MACET
241,x242,P,3.0,1335330.0,15.0,70372.0,100,301,6000.0,1,874,875,895330.0,227665.0,0.0,MACET
242,x243,P,36.0,566668.0,8.0,72083.5,100,301,6000.0,1,874,875,576668.0,576668.0,0.0,MACET
243,x244,L,34.0,373000.0,6.0,74600.0,100,301,6000.0,1,874,875,273000.0,570600.0,0.0,MACET
244,x245,P,35.0,2057588.0,8.0,257198.5,100,301,6000.0,1,874,875,2057588.0,2057588.0,0.0,MACET
245,x246,P,31.0,1260000.0,16.0,78750.0,100,301,6000.0,1,874,0,1050000.0,577500.0,0.0,MACET
246,x247,L,43.0,1436700.15,50.0,28734.15,100,301,6000.0,1,874,0,1190700.15,41340.0,0.0,MACET
247,x248,P,40.0,2965000.0,7.0,423571.48,100,301,6000.0,1,874,0,2965000.0,1694285.68,0.0,MACET
248,x249,L,40.0,1671666.69,17.0,98333.35,100,301,6000.0,1,874,0,1671666.69,983333.5,0.0,MACET
249,x250,P,46.0,2250000.0,12.0,175000.0,100,301,6000.0,1,874,0,1875000.0,1875000.0,225000.0,MACET
250,x251,P,33.0,177333.34,3.0,62667.35,100,301,6000.0,1,874,0,177333.34,177333.34,10668.01,MACET
251,x252,P,55.0,166333.36,1.0,286333.36,100,301,6000.0,1,874,0,166333.36,166333.36,120000.0,MACET
252,x253,P,47.0,1000000.0,8.0,140000.0,100,301,6000.0,1,874,0,750000.0,0.0,0.0,LANCAR
253,x254,L,0.0,665000.0,26.0,27077.0,100,301,6000.0,1,874,0,665000.0,281346.12,16500.0,MACET
254,x255,L,26.0,3000000.0,10.0,390000.0,100,301,6000.0,1,874,0,1200000.0,300000.0,90000.0,MACET
255,x256,L,37.0,2000000.0,20.0,115000.0,100,301,6000.0,1,874,0,900000.0,700000.0,105000.0,MACET
256,x257,L,36.0,2500000.0,8.0,331250.0,100,301,6000.0,1,874,0,1250000.0,937500.0,56250.0,MACET
257,x258,L,54.0,1000000.0,12.0,90833.37,100,301,6000.0,1,874,0,824166.67,407499.98,37500.0,MACET
258,x259,P,41.0,2000000.0,20.0,115000.0,100,301,6000.0,1,874,0,1500000.0,200000.0,30000.0,LANCAR
259,x260,P,41.0,1500000.0,5.0,345000.0,100,301,6000.0,1,874,0,1200000.0,600000.0,90000.0,MACET
260,x261,L,29.0,1000000.0,5.0,230000.0,100,301,6000.0,1,874,0,1000000.0,400000.0,60000.0,MACET
261,x262,P,37.0,2500000.0,12.0,227083.37,100,301,6000.0,1,874,0,416666.7,0.0,0.0,LANCAR
262,x263,P,50.0,3000000.0,16.0,210000.0,100,301,6000.0,1,874,0,2062500.0,937500.0,112500.0,MACET
263,x264,P,41.0,1500000.0,4.0,420000.0,100,301,6000.0,1,874,0,1125000.0,0.0,0.0,LANCAR
264,x265,L,50.0,2500000.0,16.0,175000.0,100,301,6000.0,1,874,0,1875000.0,156250.0,18750.0,LANCAR
265,x266,L,44.0,4000000.0,16.0,280000.0,100,301,6000.0,1,874,0,2750000.0,0.0,0.0,LANCAR
266,x267,P,54.0,3500000.0,24.0,172083.41,100,301,6000.0,1,874,0,3062500.01,145833.33,26250.0,LANCAR
267,x268,P,36.0,1500000.0,11.0,136250.0,100,301,6000.0,1,874,0,1375000.0,375000.0,33750.0,MACET
268,x269,P,28.0,1500000.0,20.0,86250.0,100,301,6000.0,1,874,0,1350000.0,0.0,0.0,LANCAR
269,x270,L,30.0,5000000.0,4.0,1287500.0,100,301,6000.0,1,874,0,3750000.0,1250000.0,25000.0,LANCAR
270,x271,L,35.0,5000000.0,24.0,245833.41,100,301,6000.0,1,874,0,5000000.0,208333.33,37500.0,LANCAR
271,x272,P,29.0,2000000.0,8.0,265000.0,100,301,6000.0,1,874,0,1800000.0,50000.0,15000.0,LANCAR
272,x273,L,39.0,5000000.0,20.0,287500.0,100,301,6000.0,1,874,0,4750000.0,0.0,0.0,LANCAR
273,x274,L,35.0,1500000.0,16.0,105000.0,100,301,6000.0,1,874,0,1500000.0,0.0,0.0,LANCAR
274,x275,P,37.0,1500000.0,20.0,86250.0,100,301,6000.0,1,874,0,1500000.0,0.0,0.0,LANCAR
275,x276,L,41.0,550000.0,20.0,28325.0,100,301,6000.0,1,874,875,566500.0,283250.0,0.0,MACET
276,x277,L,30.0,225000.0,8.0,13594.0,100,301,6000.0,1,874,875,108752.0,108752.0,0.0,MACET
277,x278,L,40.0,40000000.0,40.0,0.0,100,301,6000.0,1,874,875,10000000.0,0.0,0.0,LANCAR
278,x279,L,43.0,3000000.0,6.0,500000.0,100,301,6000.0,1,874,875,3000000.0,1000000.0,0.0,MACET
279,x280,P,32.0,690000.0,8.0,86250.0,100,301,6000.0,1,874,875,690000.0,690000.0,0.0,MACET
280,x281,L,40.0,1944442.0,18.0,108024.65,100,301,6000.0,1,874,875,1644442.0,132098.2,0.0,MACET
281,x282,P,36.0,1864998.0,18.0,103611.0,100,301,6000.0,1,874,875,1864998.0,414444.0,0.0,MACET
282,x283,P,35.0,772500.0,20.0,38625.0,100,301,6000.0,1,874,875,772500.0,386250.0,0.0,MACET
283,x284,L,53.0,1095000.0,63.0,17827.49,100,301,6000.0,1,874,875,1123094.05,178268.8,0.0,MACET
284,x285,L,44.0,711250.0,16.0,49375.28,100,301,6000.0,1,874,875,640002.08,343751.2,0.0,MACET
285,x286,L,37.0,8500000.0,16.0,687500.04,100,301,6000.0,1,874,875,7866250.0,4147500.0,1250000.0,MACET
286,x287,P,49.0,315000.0,16.0,19687.5,100,301,6000.0,1,874,875,315000.0,196875.0,0.0,MACET
287,x288,L,25.0,2170000.0,12.0,180833.37,100,301,6000.0,1,874,875,1240000.0,878333.3,0.0,MACET
288,x289,P,32.0,1285714.29,7.0,200816.25,100,301,6000.0,1,874,875,1135714.29,1135714.29,269997.06,MACET
289,x290,L,46.0,264284.0,7.0,37754.9,100,301,6000.0,1,874,875,264284.0,75509.7,0.0,MACET
290,x291,L,61.0,1013932.0,20.0,53375.6,100,301,6000.0,1,874,875,1067512.0,533756.0,0.0,MACET
291,x292,L,35.0,405000.0,12.0,34375.0,100,301,6000.0,1,874,875,412500.0,343750.0,0.0,MACET
292,x293,P,48.0,425000.0,6.0,70833.35,100,301,6000.0,1,874,875,425000.0,141666.66,0.0,MACET
293,x294,P,54.0,275000.0,5.0,55000.0,100,301,6000.0,1,874,875,275000.0,110000.0,0.0,MACET
294,x295,L,51.0,415002.0,12.0,37083.5,100,301,6000.0,1,874,875,445002.0,370835.0,0.0,MACET
295,x296,P,31.0,788120.0,12.0,65676.74,100,301,6000.0,1,874,875,788120.0,656766.6,0.0,MACET
296,x297,P,27.0,584250.0,20.0,29212.5,100,301,6000.0,1,874,875,334250.0,42125.0,0.0,MACET
297,x298,P,41.0,1230000.02,24.0,51250.02,100,301,6000.0,1,874,0,590000.02,0.0,0.0,LANCAR
298,x299,P,61.0,860000.0,6.0,143333.35,100,301,6000.0,1,876,0,860000.0,860000.0,0.0,MACET
299,x300,P,34.0,1575000.0,16.0,98437.5,100,301,6000.0,1,876,0,1175000.0,584375.0,0.0,MACET
300,x301,L,45.0,1233333.34,6.0,205555.84,100,301,6000.0,1,874,0,1233333.34,411111.0,0.0,MACET
301,x302,P,31.0,1960000.0,6.0,326666.7,100,301,6000.0,1,876,0,1960000.0,1960000.0,0.0,MACET
302,x303,L,32.0,646666.67,7.0,107777.83,100,301,6000.0,1,876,0,646666.67,184762.0,0.0,MACET
303,x304,L,32.0,1830000.0,5.0,462000.0,100,301,6000.0,1,874,874,1830000.0,732000.0,109800.0,MACET
304,x305,L,47.0,848571.44,7.0,121224.92,100,301,6000.0,1,874,0,848571.44,242448.84,0.0,MACET
305,x306,L,31.0,10000000.0,12.0,1033333.37,100,301,6000.0,1,874,0,4166666.69,2499999.99,600000.0,MACET
306,x307,P,-42.0,247500.0,4.0,70313.0,100,301,6000.0,1,874,0,247500.0,123750.0,16876.0,MACET
307,x308,P,37.0,3083333.34,5.0,736666.94,100,301,6000.0,1,874,874,2416666.68,566666.54,120000.0,MACET
308,x309,P,41.0,750000.0,3.0,272500.0,100,301,6000.0,1,874,0,345000.0,95000.0,0.0,MACET
309,x310,P,42.0,468750.0,5.0,93000.0,100,301,6000.0,1,874,0,375000.0,375000.0,45000.0,MACET
310,x311,P,42.0,1200000.0,6.0,236000.0,100,301,6000.0,1,874,0,1036000.0,236000.0,36000.0,MACET
311,x312,L,41.0,315000.0,3.0,86666.68,100,301,6000.0,1,874,0,215000.0,215000.0,45000.0,MACET
312,x313,P,30.0,893500.0,12.0,163916.7,100,301,6000.0,1,874,0,616000.0,541541.63,60000.0,MACET
313,x314,P,37.0,93750.0,1.0,105000.0,100,301,6000.0,1,874,0,93750.0,93750.0,11250.0,MACET
314,x315,P,43.0,1500000.02,18.0,98333.41,100,301,6000.0,1,874,0,1500000.02,916666.63,165000.0,MACET
315,x316,L,25.0,5536666.69,30.0,251055.56,100,301,6000.0,1,874,0,5036166.69,1529611.16,532000.0,MACET
316,x317,L,33.0,900000.0,40.0,25200.0,100,301,6000.0,1,874,0,885000.0,210000.0,27000.0,MACET
317,x318,L,30.0,3000000.0,3.0,276666.68,100,301,6000.0,1,874,0,650000.0,650000.0,180000.0,MACET
318,x319,P,50.0,1650000.0,14.0,143077.24,100,301,6000.0,1,874,0,1550000.0,1078571.4,150000.0,MACET
319,x320,L,42.0,1000000.0,2.0,140000.0,100,301,6000.0,1,874,0,250000.0,250000.0,30000.0,MACET
320,x321,P,38.0,3334000.0,3.0,1211333.34,100,301,6000.0,1,874,0,2834000.0,1722666.66,200000.0,MACET
321,x322,P,1.0,2000000.0,24.0,98333.41,100,301,6000.0,1,874,0,1583333.35,1499999.94,270000.0,MACET
322,x323,P,46.0,2000000.0,24.0,98333.41,100,301,6000.0,1,874,0,1078333.36,994999.95,180000.0,MACET
323,x324,P,33.0,2000000.0,24.0,98333.41,100,301,6000.0,1,874,0,166666.74,0.0,0.0,LANCAR
324,x325,P,34.0,2000000.0,24.0,140000.0,100,301,6000.0,1,874,0,993333.36,743333.29,135000.0,MACET
325,x326,L,51.0,2000000.0,5.0,472000.0,100,301,6000.0,1,874,0,400000.0,0.0,0.0,LANCAR
326,x327,P,38.0,2000000.0,24.0,98333.41,100,301,6000.0,1,874,0,1361666.68,861666.62,165000.0,MACET
327,x328,P,48.0,2000000.0,20.0,115000.0,100,301,6000.0,1,874,0,1200000.0,900000.0,135000.0,MACET
328,x329,P,41.0,2000000.0,20.0,115000.0,100,301,6000.0,1,874,0,900000.0,300000.0,30000.0,MACET
329,x330,P,52.0,2000000.0,5.0,460000.0,100,301,6000.0,1,874,0,800000.0,0.0,0.0,LANCAR
330,x331,P,42.0,1000000.0,16.0,90833.37,100,301,6000.0,1,874,0,437500.0,250000.0,30000.0,MACET
331,x332,P,24.0,1500000.0,80.0,21000.0,100,301,6000.0,1,874,0,1050000.0,768750.0,92250.0,MACET
332,x333,P,39.0,1000000.0,16.0,90833.37,100,301,6000.0,1,874,0,812500.0,625000.0,75000.0,MACET
333,x334,P,41.0,1500000.0,5.0,345000.0,100,301,6000.0,1,874,0,900000.0,0.0,0.0,LANCAR
334,x335,P,27.0,1500000.0,20.0,86250.0,100,301,6000.0,1,874,0,952500.0,427500.0,78750.0,MACET
335,x336,L,41.0,1500000.0,16.0,105000.0,100,301,6000.0,1,874,0,656250.0,281250.0,33750.0,MACET
336,x337,P,37.0,1500000.0,20.0,86250.0,100,301,6000.0,1,874,0,900000.0,300000.0,45000.0,MACET
337,x338,P,47.0,2000000.0,20.0,115000.0,100,301,6000.0,1,874,0,1000000.0,200000.0,30000.0,LANCAR
338,x339,P,27.0,4000000.0,5.0,920000.0,100,301,6000.0,1,874,0,3220000.0,820000.0,90000.0,MACET
339,x340,L,34.0,1000000.0,16.0,70000.0,100,301,6000.0,1,874,0,500000.0,125000.0,15000.0,LANCAR
340,x341,L,52.0,1000000.0,12.0,90833.37,100,301,6000.0,1,874,0,333333.36,166666.66,15000.0,LANCAR
341,x342,P,35.0,3000000.0,20.0,172500.0,100,301,6000.0,1,874,0,1800000.0,300000.0,45000.0,LANCAR
342,x343,L,51.0,1000000.0,12.0,90833.37,100,301,6000.0,1,874,0,666666.68,499999.98,46333.32,MACET
343,x344,L,48.0,2000000.0,20.0,115000.0,100,301,6000.0,1,874,0,1425000.0,325000.0,60000.0,MACET
344,x345,L,30.0,2000000.0,16.0,181666.74,100,301,6000.0,1,874,0,1235000.0,110000.0,3512.0,LANCAR
345,x346,P,48.0,1500000.0,20.0,86250.0,100,301,6000.0,1,874,0,823500.0,0.0,0.0,LANCAR
346,x347,P,48.0,1500000.0,16.0,105000.0,100,301,6000.0,1,874,0,937500.0,0.0,0.0,LANCAR
347,x348,P,33.0,1500000.0,16.0,105000.0,100,301,6000.0,1,874,0,1312500.0,375000.0,45000.0,MACET
348,x349,L,42.0,2000000.0,8.0,265000.0,100,301,6000.0,1,874,0,1000000.0,500000.0,30000.0,LANCAR
349,x350,P,46.0,2000000.0,16.0,140000.0,100,301,6000.0,1,874,0,1650000.0,275000.0,45000.0,MACET
350,x351,L,47.0,2000000.0,10.0,260000.0,100,301,6000.0,1,874,0,2000000.0,200000.0,60000.0,LANCAR
351,x352,P,56.0,2000000.0,3.0,726666.68,100,301,6000.0,1,874,0,2000000.0,0.0,0.0,LANCAR
352,x353,P,34.0,2000000.0,40.0,53000.0,100,301,6000.0,1,874,0,1500000.0,300000.0,18000.0,LANCAR
353,x354,P,36.0,2000000.0,60.0,36333.53,100,301,6000.0,1,874,0,1689000.02,222333.3,21000.0,LANCAR
354,x355,P,36.0,1000000.0,12.0,90833.37,100,301,6000.0,1,874,0,833333.34,0.0,0.0,LANCAR
355,x356,P,29.0,1000000.0,12.0,90833.37,100,301,6000.0,1,874,0,833000.0,82999.99,7500.0,LANCAR
356,x357,P,24.0,2000000.0,8.0,310000.0,100,301,6000.0,1,874,0,2000000.0,0.0,0.0,LANCAR
357,x358,P,35.0,4000000.0,12.0,373333.37,100,301,6000.0,1,874,0,3666000.0,0.0,0.0,LANCAR
358,x359,L,45.0,1500000.0,1.0,1650000.0,100,301,6000.0,1,874,0,1500000.0,0.0,0.0,LANCAR
359,x360,P,44.0,1000000.0,16.0,70000.0,100,301,6000.0,1,874,0,1000000.0,187500.0,22500.0,MACET
360,x361,P,51.0,1000000.0,12.0,90833.37,100,301,6000.0,1,874,0,833333.34,0.0,0.0,LANCAR
361,x362,P,-48.0,500000.0,8.0,67500.0,100,301,6000.0,1,874,0,500000.0,62500.0,5000.0,LANCAR
362,x363,P,27.0,1500000.0,20.0,86250.0,100,301,6000.0,1,874,0,1424250.0,0.0,0.0,LANCAR
363,x364,P,45.0,700000.0,3.0,254333.34,100,301,6000.0,1,874,0,700000.0,0.0,0.0,LANCAR
364,x365,L,28.0,1000000.0,3.0,363333.34,100,301,6000.0,1,874,0,1000000.0,0.0,0.0,LANCAR
365,x366,P,34.0,1000000.0,12.0,90833.37,100,301,6000.0,1,874,0,1000000.0,0.0,0.0,LANCAR
366,x367,P,35.0,2000000.0,24.0,98333.41,100,301,6000.0,1,874,0,2000000.0,0.0,0.0,LANCAR
367,x368,L,34.0,20000000.0,12.0,2266666.74,100,301,6000.0,1,874,0,20000000.0,0.0,0.0,LANCAR
368,x369,P,48.0,22000000.0,36.0,776111.15,100,301,6000.0,1,874,0,22000000.0,0.0,0.0,LANCAR
369,x370,P,37.0,131670.0,12.0,10972.5,100,301,6000.0,1,874,875,131670.0,109725.0,0.0,MACET
370,x371,P,25.0,1385000.0,20.0,79375.0,100,301,6000.0,1,874,875,1587500.0,793750.0,0.0,MACET
371,x372,P,41.0,2000000.0,12.0,196666.74,100,301,6000.0,1,874,875,2010000.0,1616666.6,0.0,MACET
372,x373,P,45.0,1042000.0,67.0,16659.84,100,301,6000.0,1,874,875,1066204.0,116597.6,0.0,MACET
373,x374,P,43.0,1200000.0,12.0,115000.0,100,301,6000.0,1,874,875,1380000.0,1150000.0,0.0,MACET
374,x375,P,30.0,780834.0,12.0,70694.5,100,301,6000.0,1,874,875,848334.0,706945.0,0.0,MACET
375,x376,P,39.0,645000.0,16.0,40312.5,100,301,6000.0,1,874,875,425000.0,183125.0,0.0,MACET
376,x377,P,40.0,451668.0,10.0,45166.8,100,301,6000.0,1,874,875,451668.0,180667.2,0.0,MACET
377,x378,P,45.0,461671.0,12.0,38472.62,100,301,6000.0,1,874,875,216671.0,139725.8,0.0,MACET
378,x379,P,27.0,590834.0,12.0,49236.24,100,301,6000.0,1,874,875,590834.0,98472.32,0.0,MACET
379,x380,P,47.0,1250000.0,10.0,112750.0,100,301,6000.0,1,874,875,965500.0,965500.0,162000.0,MACET
380,x381,P,41.0,1608750.0,20.0,80437.5,100,301,6000.0,1,874,875,1458750.0,654375.0,0.0,MACET
381,x382,L,27.0,2062500.0,16.0,144375.25,100,301,6000.0,1,874,875,2310004.0,1443752.5,0.0,MACET
382,x383,P,26.0,1176669.47,15.0,78445.07,100,301,6000.0,1,874,875,826669.47,434446.0,0.0,MACET
383,x384,P,29.0,682500.0,20.0,34125.0,100,301,6000.0,1,874,875,603500.0,262250.0,0.0,MACET
384,x385,L,30.0,4600000.0,20.0,230000.0,100,301,6000.0,1,874,0,4000000.0,1700000.0,0.0,MACET
385,x386,P,30.0,545000.02,6.0,98333.37,100,301,6000.0,1,874,0,545000.02,181666.66,15000.0,MACET
386,x387,P,37.0,1200000.0,4.0,345000.0,100,301,6000.0,1,874,0,1200000.0,600000.0,90000.0,MACET
387,x388,P,54.0,1666666.72,16.0,122916.68,100,301,6000.0,1,874,0,1458166.72,833166.8,150000.0,MACET
388,x389,P,30.0,1500000.0,16.0,105000.0,100,301,6000.0,1,874,0,375000.0,0.0,0.0,LANCAR
389,x390,P,36.0,4000000.0,24.0,196666.82,100,301,6000.0,1,874,0,2833333.38,833333.3,150000.0,MACET
390,x391,P,0.0,1500000.0,16.0,105000.0,100,301,6000.0,1,874,0,656250.0,0.0,0.0,LANCAR
391,x392,L,50.0,1500000.0,16.0,105000.0,100,301,6000.0,1,874,0,562500.0,0.0,0.0,LANCAR
392,x393,P,49.0,1500000.0,16.0,105000.0,100,301,6000.0,1,874,0,1218750.0,375000.0,45000.0,MACET
393,x394,L,35.0,1000000.0,12.0,90833.37,100,301,6000.0,1,874,0,583333.35,0.0,0.0,LANCAR
394,x395,P,42.0,2500000.0,16.0,175000.0,100,301,6000.0,1,874,0,1875000.0,156250.0,18750.0,LANCAR
395,x396,L,42.0,1000000.0,12.0,90833.37,100,301,6000.0,1,874,0,750000.01,166666.66,15000.0,LANCAR
396,x397,P,48.0,1000000.0,12.0,90833.37,100,301,6000.0,1,874,0,666000.0,82666.65,7500.0,LANCAR
397,x398,L,29.0,1500000.0,16.0,105000.0,100,301,6000.0,1,874,0,1125000.0,0.0,0.0,LANCAR
398,x399,L,37.0,1500000.0,12.0,136250.0,100,301,6000.0,1,874,0,1250000.0,125000.0,11250.0,LANCAR
399,x400,L,30.0,2000000.0,16.0,140000.0,100,301,6000.0,1,874,0,2000000.0,125000.0,15000.0,LANCAR
400,x401,P,36.0,1500000.0,16.0,105000.0,100,301,6000.0,1,874,0,1500000.0,0.0,0.0,LANCAR
401,x402,P,38.0,3000000.0,16.0,210000.0,100,301,6000.0,1,874,0,3000000.0,0.0,0.0,LANCAR
402,x403,L,61.0,154169.0,12.0,12847.49,100,301,6000.0,1,874,875,154169.0,128474.1,0.0,MACET
403,x404,P,43.0,1178000.0,24.0,49083.41,100,301,6000.0,1,874,875,1178000.0,490833.3,0.0,MACET
404,x405,L,43.0,865000.0,20.0,43250.0,100,301,6000.0,1,874,875,765000.0,332500.0,0.0,MACET
405,x406,P,30.0,1031250.0,11.0,115500.0,100,301,6000.0,1,874,0,843750.0,750000.0,95000.0,MACET
406,x407,P,38.0,1500000.0,16.0,105000.0,100,301,6000.0,1,874,0,1031250.0,0.0,0.0,LANCAR
407,x408,P,43.0,3000000.0,6.0,590000.0,100,301,6000.0,1,874,0,3000000.0,0.0,0.0,LANCAR
408,x409,L,38.0,3771000.0,12.0,366333.54,100,301,6000.0,1,874,875,3771000.0,3142500.0,0.0,MACET
409,x410,L,35.0,1766001.0,8.0,233289.0,100,301,6000.0,1,874,875,1766001.0,1766001.0,0.0,MACET
410,x411,P,39.0,4600000.0,12.0,383333.37,100,301,6000.0,1,874,875,4600000.0,766666.66,0.0,MACET
411,x412,P,46.0,267669.0,15.0,19344.6,100,301,6000.0,1,874,875,290169.0,193446.0,0.0,MACET
412,x413,P,50.0,666668.0,12.0,60555.74,100,301,6000.0,1,874,875,726668.0,605556.6,0.0,MACET
413,x414,L,68.0,769167.0,12.0,70347.25,100,301,6000.0,1,874,875,744167.0,603472.5,0.0,MACET
414,x415,P,42.0,899550.0,24.0,43106.25,100,301,6000.0,1,874,875,934550.0,331062.5,0.0,MACET
415,x416,L,35.0,2187500.02,24.0,91145.93,100,301,6000.0,1,874,0,2062500.02,968749.96,0.0,MACET
416,x417,P,29.0,5000000.0,32.0,189063.0,100,301,6000.0,1,874,0,3103756.0,2478756.0,525008.0,MACET
417,x418,L,42.0,3500000.0,16.0,245000.0,100,301,6000.0,1,874,0,2406250.0,0.0,0.0,LANCAR
418,x419,L,47.0,1395000.0,30.0,50063.0,100,301,6000.0,1,874,875,1235689.0,584689.0,46319.0,MACET
419,x420,P,42.0,190000.0,38.0,5000.0,100,301,6000.0,1,874,875,190000.0,50000.0,0.0,MACET
420,x421,P,42.0,488894.0,20.0,26727.7,100,301,6000.0,1,874,875,494554.0,227277.0,0.0,MACET
421,x422,P,44.0,684800.0,20.0,38320.0,100,301,6000.0,1,874,875,566400.0,183200.0,0.0,MACET
422,x423,P,43.0,16975000.0,679.0,25000.0,100,301,6000.0,1,874,875,16975000.0,275000.0,0.0,MACET
423,x424,L,1043.0,686667.34,3.0,62222.68,100,301,6000.0,1,874,875,186667.34,186667.34,0.0,MACET
424,x425,L,40.0,38500000.0,12.0,3208333.37,100,301,6000.0,1,874,875,7823334.0,1406667.3,0.0,LANCAR
425,x426,L,37.0,5500000.0,12.0,518750.0,100,301,6000.0,1,874,875,5206250.0,4255208.3,0.0,MACET
426,x427,P,45.0,1950000.0,20.0,121875.0,100,301,6000.0,1,874,800,1940000.0,840000.0,0.0,MACET
427,x428,L,43.0,8028495.55,10.0,802849.6,100,301,6000.0,1,874,875,8028495.55,1605699.2,0.0,MACET
428,x429,P,39.0,1660000.0,6.0,276666.7,100,301,6000.0,1,874,875,1660000.0,1660000.0,0.0,MACET
429,x430,P,32.0,945000.0,20.0,47250.0,100,301,6000.0,1,874,875,945000.0,472500.0,0.0,MACET
430,x431,L,43.0,80000000.0,48.0,2004166.98,100,301,6000.0,1,874,800,80000000.0,26666666.56,5400000.0,MACET
431,x432,L,28.0,430000.0,6.0,71666.7,100,301,6000.0,1,876,0,430000.0,143333.32,0.0,MACET
432,x433,L,34.0,1761666.67,9.0,173518.55,100,301,6000.0,1,874,0,1561666.67,1561666.67,0.0,MACET
433,x434,L,36.0,780000.0,3.0,173333.34,100,301,6000.0,1,874,0,520000.0,520000.0,0.0,MACET
434,x435,L,44.0,303750.0,7.0,43392.9,100,301,6000.0,1,874,0,30750.0,0.0,0.0,LANCAR
435,x436,P,32.0,2065000.01,3.0,105000.01,100,301,8000.0,1,874,874,315000.01,315000.01,0.0,MACET
436,x437,P,36.0,8000000.0,15.0,693333.38,100,301,6000.0,1,874,0,4528000.01,3994666.63,1280000.0,MACET
437,x438,P,37.0,635000.0,5.0,127000.0,100,301,6000.0,1,874,0,535000.0,154000.0,0.0,MACET
438,x439,L,41.0,2208333.34,6.0,368055.84,100,301,6000.0,1,874,0,2208333.34,1472222.0,0.0,MACET
439,x440,L,36.0,5000000.0,1.0,650000.0,100,301,6000.0,1,874,874,500000.0,500000.0,150000.0,MACET
440,x441,L,40.0,8000000.0,7.0,723809.84,100,301,6000.0,1,874,874,1333333.4,1333333.4,400000.0,MACET
441,x442,L,35.0,1500000.0,10.0,37107.2,100,301,6000.0,1,874,0,276881.76,276881.76,94185.27,MACET
442,x443,L,43.0,1295000.01,24.0,53958.42,100,301,6000.0,1,874,0,1295000.01,647499.96,0.0,MACET
443,x444,P,35.0,750000.0,10.0,71003.0,100,301,6000.0,1,874,0,655000.0,467500.0,0.0,MACET
444,x445,P,45.0,812500.0,16.0,52857.0,100,301,6000.0,1,874,0,772500.0,569375.0,0.0,MACET
445,x446,P,56.0,3075000.0,9.0,274999.75,100,301,6000.0,1,874,874,2274999.0,2274999.0,199998.03,MACET
446,x447,L,34.0,5000000.0,12.0,541666.74,100,301,6000.0,1,874,0,831666.7,0.0,0.0,LANCAR
447,x448,P,36.0,666666.68,10.0,53566.7,100,301,6000.0,1,874,0,493666.68,493666.68,42000.0,MACET
448,x449,P,25.0,2665000.0,8.0,573125.01,100,301,6000.0,1,874,0,1515000.0,182500.0,0.0,MACET
449,x450,P,43.0,1200000.0,16.0,86406.0,100,301,6000.0,1,874,0,1200000.0,825000.0,125466.0,MACET
450,x451,L,60.0,1241666.68,14.0,104761.5,100,301,6000.0,1,874,0,1152976.18,886905.0,165471.5,MACET
451,x452,L,60.0,583333.35,7.0,77640.0,100,301,6000.0,1,874,0,533333.35,533333.35,52500.0,MACET
452,x453,P,25.0,812500.0,13.0,70000.0,100,301,6000.0,1,874,0,812500.0,687500.0,82500.0,MACET
453,x454,P,45.0,871333.52,48.0,20360.79,100,301,6000.0,1,874,0,835027.94,163375.11,20593.58,MACET
454,x455,L,38.0,713500.0,30.0,27383.43,100,301,6000.0,1,874,0,426700.0,0.0,0.0,LANCAR
455,x456,P,44.0,1322666.84,64.0,24416.67,100,301,6000.0,1,874,0,786166.84,641500.19,116250.0,MACET
456,x457,P,48.0,800000.0,4.0,230000.0,100,301,6000.0,1,874,0,600000.0,200000.0,30000.0,MACET
457,x458,L,31.0,1640000.0,16.0,118438.0,100,301,6000.0,1,874,0,1441876.0,929376.0,143442.0,MACET
458,x459,L,32.0,1741750.0,20.0,87087.5,100,301,6000.0,1,874,0,526750.0,0.0,0.0,LANCAR
459,x460,P,34.0,1137250.0,76.0,17214.25,100,301,6000.0,1,874,0,969500.0,550512.88,83250.0,MACET
460,x461,L,30.0,1500000.0,4.0,420000.0,100,301,6000.0,1,874,0,1125000.0,375000.0,45000.0,MACET
461,x462,L,46.0,15000000.0,48.0,406250.0,100,301,6000.0,1,874,0,5343500.0,343500.0,187500.0,MACET
462,x463,L,47.0,5000000.0,10.0,650000.0,100,301,6000.0,1,874,0,2950000.0,950000.0,300000.0,MACET
463,x464,L,45.0,472500.01,12.0,42919.01,100,301,6000.0,1,874,0,376044.01,376044.01,38984.0,MACET
464,x465,P,27.0,1000000.0,8.0,90833.37,100,301,6000.0,1,874,0,666666.68,666666.68,60000.0,MACET
465,x466,P,40.0,1500000.0,6.0,295000.0,100,301,6000.0,1,874,0,750000.0,500000.0,90000.0,MACET
466,x467,P,26.0,3000000.0,10.0,390000.0,100,301,6000.0,1,874,0,1800000.0,0.0,0.0,LANCAR
467,x468,P,37.0,1500000.0,5.0,345000.0,100,301,6000.0,1,874,0,900000.0,600000.0,90000.0,MACET
468,x469,L,35.0,5000000.0,12.0,566666.74,100,301,6000.0,1,874,0,3750000.02,416666.66,150000.0,MACET
469,x470,L,23.0,1500000.0,20.0,86250.0,100,301,6000.0,1,874,0,666750.0,516750.0,78750.0,MACET
470,x471,P,27.0,1500000.0,5.0,345000.0,100,301,6000.0,1,874,0,1200000.0,900000.0,135000.0,MACET
471,x472,P,45.0,5000000.0,20.0,287500.0,100,301,6000.0,1,874,0,2850000.0,2100000.0,337500.0,MACET
472,x473,P,2.0,3000000.0,24.0,147500.0,100,301,6000.0,1,874,0,2000000.0,1000000.0,177500.0,MACET
473,x474,P,37.0,1500000.0,20.0,86250.0,100,301,6000.0,1,874,0,995500.0,695500.0,112500.0,MACET
474,x475,L,55.0,1000000.0,20.0,57500.0,100,301,6000.0,1,874,0,442500.0,242500.0,37500.0,MACET
475,x476,L,51.0,5000000.0,24.0,245833.41,100,301,6000.0,1,874,0,4370833.34,2287499.96,412500.0,MACET
476,x477,P,25.0,2000000.0,24.0,98333.41,100,301,6000.0,1,874,0,1661666.67,828333.29,150000.0,MACET
477,x478,L,24.0,3000000.0,100.0,34500.0,100,301,6000.0,1,874,0,1320000.0,360000.0,54000.0,MACET
478,x479,P,34.0,3000000.0,24.0,147500.0,100,301,6000.0,1,874,0,1947500.0,697500.0,135000.0,MACET
479,x480,L,42.0,1000000.0,4.0,363333.34,100,301,6000.0,1,874,0,250000.0,0.0,0.0,LANCAR
480,x481,P,25.0,1500000.0,20.0,86250.0,100,301,6000.0,1,874,0,519750.0,69750.0,11250.0,LANCAR
481,x482,L,47.0,2000000.0,24.0,98333.41,100,301,6000.0,1,874,0,1246666.69,329999.98,60000.0,MACET
482,x483,P,0.0,1500000.0,16.0,105000.0,100,301,6000.0,1,874,0,375000.0,93750.0,11250.0,LANCAR
483,x484,L,25.0,3000000.0,20.0,172500.0,100,301,6000.0,1,874,0,1345000.0,0.0,0.0,LANCAR
484,x485,L,53.0,5000000.0,16.0,359375.0,100,301,6000.0,1,874,0,1875000.0,312500.0,46875.0,LANCAR
485,x486,P,28.0,1500000.0,20.0,86250.0,100,301,6000.0,1,874,0,1045500.0,370500.0,56250.0,MACET
486,x487,L,52.0,1500000.0,6.0,295000.0,100,301,6000.0,1,874,0,1000000.0,0.0,0.0,LANCAR
487,x488,L,28.0,1500000.0,100.0,17250.0,100,301,6000.0,1,874,0,969750.0,219750.0,33750.0,MACET
488,x489,P,33.0,1500000.0,16.0,105000.0,100,301,6000.0,1,874,0,1125000.0,562500.0,67500.0,MACET
489,x490,P,31.0,1000000.0,12.0,90833.37,100,301,6000.0,1,874,0,332000.0,165333.3,15000.0,LANCAR
490,x491,L,37.0,1000000.0,12.0,90833.37,100,301,6000.0,1,874,0,250000.03,83333.33,7500.0,LANCAR
491,x492,P,36.0,1000000.0,12.0,90833.37,100,301,6000.0,1,874,0,416666.69,166666.66,15000.0,LANCAR
492,x493,P,28.0,3000000.0,6.0,590000.0,100,301,6000.0,1,874,0,2500000.0,500000.0,90000.0,LANCAR
493,x494,P,44.0,1000000.0,12.0,90833.37,100,301,6000.0,1,874,0,816500.0,399833.31,37500.0,MACET
494,x495,L,53.0,500000.0,5.0,115000.0,100,301,6000.0,1,874,0,400000.0,0.0,0.0,LANCAR
495,x496,L,0.0,1000000.0,3.0,363333.34,100,301,6000.0,1,874,0,720000.0,53333.33,30000.0,MACET
496,x497,L,27.0,2000000.0,6.0,393333.35,100,301,6000.0,1,874,0,1666666.67,0.0,0.0,LANCAR
497,x498,P,36.0,1500000.0,5.0,345000.0,100,301,6000.0,1,874,0,1200000.0,300000.0,45000.0,MACET
498,x499,P,32.0,1500000.0,16.0,105000.0,100,301,6000.0,1,874,0,843750.0,0.0,0.0,LANCAR
499,x500,P,32.0,1500000.0,120.0,14750.0,100,301,6000.0,1,874,0,1321500.0,246500.0,45000.0,MACET
500,x501,P,23.0,1500000.0,20.0,86250.0,100,301,6000.0,1,874,0,1045500.0,70500.0,11250.0,LANCAR
501,x502,L,30.0,3000000.0,24.0,147500.0,100,301,6000.0,1,874,0,2495000.0,120000.0,22500.0,LANCAR
502,x503,P,21.0,1500000.0,16.0,105000.0,100,301,6000.0,1,874,0,1125000.0,93750.0,11250.0,LANCAR
503,x504,L,30.0,1000000.0,12.0,90833.37,100,301,6000.0,1,874,0,749500.0,166166.65,15000.0,LANCAR
504,x505,P,26.0,1000000.0,12.0,90833.37,100,301,6000.0,1,874,0,833000.0,249666.65,22500.0,MACET
505,x506,L,48.0,1000000.0,12.0,90833.37,100,301,6000.0,1,874,0,750000.01,83333.33,7500.0,LANCAR
506,x507,L,28.0,2000000.0,24.0,98333.41,100,301,6000.0,1,874,0,1696666.67,29999.99,15000.0,LANCAR
507,x508,P,40.0,500000.0,8.0,66250.0,100,301,6000.0,1,874,0,437500.0,187500.0,11250.0,MACET
508,x509,L,37.0,10000000.0,12.0,1133333.37,100,301,6000.0,1,874,0,10000000.0,0.0,0.0,LANCAR
509,x510,P,41.0,2000000.0,4.0,515000.0,100,301,6000.0,1,874,0,2000000.0,2000000.0,60000.0,MACET
510,x511,P,35.0,2000000.0,20.0,115000.0,100,301,6000.0,1,874,0,1800000.0,100000.0,15000.0,LANCAR
511,x512,P,32.0,1500000.0,16.0,105000.0,100,301,6000.0,1,874,0,1406250.0,187500.0,22500.0,LANCAR
512,x513,P,38.0,1000000.0,12.0,90833.37,100,301,6000.0,1,874,0,750000.01,0.0,0.0,LANCAR
513,x514,P,53.0,1000000.0,80.0,14000.0,100,301,6000.0,1,874,0,850000.0,37500.0,4500.0,LANCAR
514,x515,P,37.0,500000.0,2.0,265000.0,100,301,6000.0,1,874,0,350000.0,0.0,0.0,LANCAR
515,x516,P,30.0,1500000.0,3.0,545000.0,100,301,6000.0,1,874,0,1500000.0,0.0,0.0,LANCAR
516,x517,P,37.0,2000000.0,16.0,140000.0,100,301,6000.0,1,874,0,1750000.0,0.0,0.0,LANCAR
517,x518,P,35.0,1000000.0,12.0,90833.37,100,301,6000.0,1,874,0,833333.34,0.0,0.0,LANCAR
518,x519,P,34.0,1500000.0,6.0,295000.0,100,301,6000.0,1,874,0,1500000.0,0.0,0.0,LANCAR
519,x520,L,30.0,500000.0,8.0,67500.0,100,301,6000.0,1,874,0,437500.0,62500.0,5000.0,LANCAR
520,x521,L,43.0,3000000.0,10.0,390000.0,100,301,6000.0,1,874,0,3000000.0,0.0,0.0,LANCAR
521,x522,P,38.0,3000000.0,10.0,390000.0,100,301,6000.0,1,874,0,3000000.0,0.0,0.0,LANCAR
522,x523,P,39.0,1500000.0,12.0,136250.0,100,301,6000.0,1,874,0,1375000.0,125000.0,11250.0,LANCAR
523,x524,L,34.0,1300000.0,6.0,255666.7,100,301,6000.0,1,874,0,1300000.0,0.0,0.0,LANCAR
524,x525,L,54.0,2500000.0,24.0,122916.82,100,301,6000.0,1,874,0,2500000.0,104166.66,18750.0,LANCAR
525,x526,L,-49.0,1500000.0,5.0,345000.0,100,301,6000.0,1,874,0,1500000.0,0.0,0.0,LANCAR
526,x527,P,76.0,2000000.0,6.0,393333.35,100,301,6000.0,1,874,0,2000000.0,0.0,0.0,LANCAR
527,x528,L,28.0,3500000.0,6.0,688333.35,100,301,6000.0,1,874,0,3500000.0,0.0,0.0,LANCAR
528,x529,P,22.0,4000000.0,32.0,155000.0,100,301,6000.0,1,874,0,4000000.0,0.0,0.0,LANCAR
529,x530,P,40.0,1000000.0,12.0,90833.37,100,301,6000.0,1,874,0,1000000.0,0.0,0.0,LANCAR
530,x531,P,41.0,5000000.0,4.0,1287500.0,100,301,6000.0,1,874,0,5000000.0,0.0,0.0,LANCAR
531,x532,P,33.0,3000000.0,24.0,147500.0,100,301,6000.0,1,874,0,3000000.0,0.0,0.0,LANCAR
532,x533,P,38.0,1066260.0,20.0,53313.15,100,301,6000.0,1,874,875,1066260.0,533130.0,0.0,MACET
533,x534,L,34.0,2083332.0,24.0,94097.32,100,301,6000.0,1,874,875,2114332.0,796971.6,0.0,MACET
534,x535,P,49.0,530000.0,12.0,44166.74,100,301,6000.0,1,876,0,530000.0,441666.6,0.0,MACET
535,x536,P,2.0,25000000.0,25.0,1187500.0,100,301,6000.0,1,874,0,12000000.0,0.0,0.0,LANCAR
536,x537,P,41.0,10000000.0,12.0,1133333.37,100,301,6000.0,1,874,0,5000000.02,833333.33,300000.0,MACET
537,x538,P,30.0,1785714.29,3.0,745238.29,100,301,6000.0,1,874,0,1785714.29,1190476.0,300000.0,MACET
538,x539,P,28.0,1000000.0,10.0,130000.0,100,301,6000.0,1,874,0,500000.0,0.0,0.0,LANCAR
539,x540,P,41.0,6000000.0,10.0,660000.0,100,301,6000.0,1,874,0,3600000.0,600000.0,60000.0,LANCAR
540,x541,P,26.0,1500000.0,20.0,86250.0,100,301,6000.0,1,874,0,512500.0,362500.0,67500.0,MACET
541,x542,P,41.0,1500000.0,4.0,420000.0,100,301,6000.0,1,874,0,1125000.0,375000.0,45000.0,MACET
542,x543,L,40.0,2500000.0,5.0,525000.0,100,301,6000.0,1,874,0,1500000.0,0.0,0.0,LANCAR
543,x544,L,47.0,1500000.0,5.0,345000.0,100,301,6000.0,1,874,0,1200000.0,0.0,0.0,LANCAR
544,x545,P,28.0,2000000.0,10.0,260000.0,100,301,6000.0,1,874,0,1800000.0,0.0,0.0,LANCAR
545,x546,P,43.0,10000000.0,10.0,1320000.0,100,301,6000.0,1,874,0,9000000.0,0.0,0.0,LANCAR
546,x547,P,0.0,1000000.0,80.0,14000.0,100,301,6000.0,1,874,0,812500.0,75000.0,9000.0,LANCAR
547,x548,L,45.0,2000000.0,2.0,1060000.0,100,301,6000.0,1,874,0,2000000.0,0.0,0.0,LANCAR
548,x549,P,27.0,2000000.0,1.0,2060000.0,100,301,6000.0,1,874,0,2000000.0,0.0,0.0,LANCAR
549,x550,L,45.0,1500000.0,12.0,136250.0,100,301,6000.0,1,874,0,1375000.0,0.0,0.0,LANCAR
550,x551,P,30.0,5000000.0,24.0,983333.35,100,301,6000.0,1,874,0,5000000.0,0.0,0.0,LANCAR
551,x552,L,40.0,2000000.0,12.0,226666.74,100,301,6000.0,1,874,0,2000000.0,0.0,0.0,LANCAR
552,x553,P,26.0,245166.0,6.0,40861.0,100,302,6000.0,1,874,875,95166.0,13444.0,0.0,MACET
553,x554,L,44.0,1000000.0,12.0,90833.37,100,302,6000.0,1,874,0,1000000.0,1000000.0,90000.0,MACET
554,x555,P,34.0,5000000.0,24.0,245833.41,100,301,6000.0,1,874,0,3958333.35,833333.32,150000.0,MACET
555,x556,P,37.0,10000000.0,12.0,1033333.37,100,302,6000.0,1,874,0,8334000.0,666.66,0.0,LANCAR
556,x557,P,25.0,2000000.0,3.0,726666.68,100,302,6000.0,1,874,0,666666.68,0.0,0.0,LANCAR
557,x558,L,31.0,7000000.0,14.0,605000.0,100,302,6000.0,1,874,0,5000000.0,0.0,0.0,LANCAR
558,x559,L,25.0,5000000.0,10.0,650000.0,100,301,6000.0,1,874,0,2950000.0,950000.0,450000.0,MACET
559,x560,P,40.0,340000.0,8.0,42500.0,100,303,6000.0,1,874,0,240000.0,70000.0,0.0,MACET
560,x561,L,-48.0,330000.0,8.0,41250.0,100,303,6000.0,1,874,0,330000.0,82500.0,0.0,MACET
561,x562,L,52.0,200000.0,10.0,20000.0,100,303,6000.0,1,874,0,75000.0,0.0,0.0,LANCAR
562,x563,L,34.0,10000000.0,1.0,10350000.0,100,303,6000.0,1,874,0,10000000.0,0.0,0.0,LANCAR
563,x564,L,28.0,1140000.0,12.0,95000.0,100,303,6000.0,1,874,0,1140000.0,95000.0,0.0,LANCAR
564,x565,P,43.0,500000.0,4.0,125000.0,100,303,6000.0,1,874,875,500000.0,250000.0,0.0,MACET
565,x566,P,34.0,2500000.0,12.0,208333.37,100,304,6000.0,1,874,0,2500000.0,208333.33,0.0,MACET
566,x567,P,43.0,2500000.0,12.0,208333.37,100,304,6000.0,1,874,0,2500000.0,208333.33,0.0,MACET
567,x568,L,38.0,2500000.0,12.0,208333.37,100,304,6000.0,1,874,0,2500000.0,208333.33,0.0,MACET
568,x569,P,44.0,2500000.0,10.0,250000.0,100,304,6000.0,1,874,0,2500000.0,250000.0,0.0,MACET
569,x570,P,28.0,2500000.0,12.0,208333.37,100,304,6000.0,1,874,0,2291000.0,0.0,0.0,LANCAR
570,x571,P,33.0,1458333.35,12.0,121528.1,100,304,6000.0,1,876,0,628333.35,142222.0,0.0,MACET
571,x572,L,80.0,940000.0,47.0,20000.0,100,305,6000.0,1,874,875,940000.0,240000.0,0.0,MACET
572,x573,L,2.0,116663.0,5.0,23333.0,100,305,6000.0,1,874,875,116663.0,46666.0,0.0,MACET
573,x574,L,45.0,3520000.0,12.0,293333.37,100,305,6000.0,1,874,875,2920000.0,0.0,0.0,LANCAR
574,x575,L,44.0,4520000.0,12.0,376666.74,100,305,6000.0,1,874,875,4320000.0,553333.32,0.0,MACET
575,x576,L,45.0,5000000.0,12.0,416666.74,100,305,6000.0,1,874,875,5000000.0,833333.32,0.0,MACET
576,x577,L,45.0,10000000.0,10.0,1000000.0,100,305,6000.0,1,874,800,10000000.0,2000000.0,0.0,MACET
577,x578,L,50.0,1275000.0,10.0,127500.0,100,305,6000.0,1,874,875,1275000.0,1147500.0,0.0,MACET
578,x579,P,60.0,1200000.0,12.0,100000.0,100,305,6000.0,1,874,875,1184064.99,884064.99,0.0,MACET
579,x580,L,46.0,1420000.0,72.0,19722.38,100,305,6000.0,1,874,875,1420000.0,236666.64,0.0,MACET
580,x581,L,60.0,880000.0,8.0,110000.0,100,305,6000.0,1,874,875,880000.0,440000.0,0.0,MACET
581,x582,P,35.0,2312000.0,50.0,46240.0,100,305,6000.0,1,874,875,2312000.0,462400.0,0.0,MACET
582,x583,P,28.0,1000000.0,10.0,100000.0,100,305,6000.0,1,874,875,1000000.0,900000.0,0.0,MACET
583,x584,P,29.0,3200000.0,10.0,320000.0,100,305,6000.0,1,874,0,2880000.0,320000.0,0.0,MACET
584,x585,L,38.0,500000.0,5.0,100000.0,100,305,6000.0,1,874,875,400000.0,300000.0,0.0,MACET
585,x586,P,52.0,950000.0,4.0,237500.0,100,305,6000.0,1,874,0,275000.0,0.0,0.0,LANCAR
586,x587,P,54.0,2000000.0,14.0,200000.0,100,305,6000.0,1,874,0,971428.58,685714.26,0.0,MACET
587,x588,P,43.0,700000.0,50.0,14000.0,100,305,6000.0,1,874,875,700000.0,140000.0,0.0,MACET
588,x589,P,49.0,239668.0,10.0,23966.8,100,305,6000.0,1,874,875,176668.0,152701.2,0.0,MACET
589,x590,P,29.0,2500000.0,12.0,208333.37,100,305,6000.0,1,874,0,1033333.34,199999.98,0.0,MACET
590,x591,L,56.0,400000.0,12.0,33333.37,100,305,6000.0,1,874,875,400000.0,299999.97,0.0,MACET
591,x592,L,34.0,581335.0,10.0,58133.5,100,305,6000.0,1,874,875,581335.0,523201.5,0.0,MACET
592,x593,P,27.0,2500000.0,12.0,208333.37,100,305,6000.0,1,874,0,1457666.67,624333.31,0.0,MACET
593,x594,L,61.0,1320000.0,50.0,26400.0,100,305,6000.0,1,874,875,1320000.0,264000.0,0.0,MACET
594,x595,P,37.0,2500000.0,10.0,250000.0,100,305,6000.0,1,874,0,1500000.0,750000.0,0.0,MACET
595,x596,P,35.0,650000.0,5.0,130000.0,100,305,6000.0,1,876,0,300000.0,0.0,0.0,LANCAR
596,x597,L,33.0,2000000.0,12.0,166666.74,100,305,6000.0,1,874,0,499000.0,0.0,0.0,LANCAR
597,x598,L,26.0,2000000.0,12.0,166666.74,100,305,6000.0,1,874,0,1280000.0,779999.94,0.0,MACET
598,x599,L,42.0,2000000.0,12.0,166666.74,100,305,6000.0,1,874,0,1165000.0,331666.62,0.0,MACET
599,x600,P,26.0,8000000.0,8.0,1000000.0,100,305,6000.0,1,874,0,8000000.0,0.0,0.0,LANCAR
600,x601,L,37.0,175000.0,4.0,43750.0,100,301,6000.0,2,874,875,175000.0,175000.0,0.0,MACET
601,x602,P,51.0,310000.0,10.0,38800.0,100,301,6000.0,2,874,875,388000.0,388000.0,0.0,MACET
602,x603,P,35.0,1380000.0,10.0,138000.0,100,301,6000.0,2,874,875,1380000.0,1380000.0,0.0,MACET
603,x604,P,37.0,2000000.0,10.0,236000.0,100,301,6000.0,2,874,875,2124000.0,2124000.0,0.0,MACET
604,x605,L,42.0,1000000.0,10.0,115000.0,100,301,6000.0,2,874,875,1150000.0,1150000.0,0.0,MACET
605,x606,P,38.0,1500000.0,10.0,184999.82,100,301,6000.0,2,874,875,1551998.02,1551998.02,0.0,MACET
606,x607,P,40.0,603750.0,10.0,60375.0,100,301,6000.0,2,874,875,603750.0,603750.0,0.0,MACET
607,x608,P,35.0,695000.0,10.0,78500.0,100,301,6000.0,2,874,875,641000.0,641000.0,0.0,MACET
608,x609,L,37.0,1500000.0,10.0,172500.0,100,301,6000.0,2,874,875,1590000.0,1590000.0,0.0,MACET
609,x610,P,44.0,680000.0,10.0,68000.0,100,301,6000.0,2,874,875,288000.0,288000.0,0.0,MACET
610,x611,L,43.0,6000000.0,10.0,840000.0,100,301,6000.0,2,874,875,6700000.0,6700000.0,0.0,MACET
611,x612,P,41.0,1200000.0,10.0,142500.0,100,301,6000.0,2,874,875,1425000.0,1425000.0,0.0,MACET
612,x613,P,35.0,900000.0,10.0,103000.0,100,301,6000.0,2,834,800,890000.0,890000.0,0.0,MACET
613,x614,L,43.0,406667.0,10.0,42666.7,100,301,6000.0,2,874,875,406667.0,406667.0,20000.0,MACET
614,x615,P,29.0,2725000.0,10.0,272500.0,100,301,6000.0,2,874,0,2465000.0,2465000.0,0.0,MACET
615,x616,P,32.0,783500.0,11.0,82477.3,100,301,6000.0,2,874,0,783500.0,783500.0,123750.0,MACET
616,x617,P,49.0,583333.35,7.0,90833.67,100,301,6000.0,2,874,0,583333.35,583333.35,52500.0,MACET
617,x618,P,43.0,583333.35,7.0,90833.67,100,301,6000.0,2,874,0,583333.35,583333.35,52500.0,MACET
618,x619,P,53.0,666666.67,2.0,365000.5,100,301,6000.0,2,874,0,298333.67,298333.67,31667.01,MACET
619,x620,P,53.0,416666.69,5.0,90833.4,100,301,6000.0,2,874,0,416666.69,416666.69,37500.0,MACET
620,x621,P,28.0,833333.34,10.0,129761.96,100,301,6000.0,2,874,0,833333.34,833333.34,75000.0,MACET
621,x622,P,43.0,850000.0,34.0,26500.0,100,301,6000.0,2,874,0,850000.0,850000.0,51000.0,MACET
622,x623,L,-7162.0,750000.0,8.0,105000.0,100,301,6000.0,2,874,0,750000.0,750000.0,90000.0,MACET
623,x624,P,40.0,666666.68,8.0,145333.4,100,301,6000.0,2,874,0,666666.68,666666.68,60000.0,MACET
624,x625,P,48.0,833333.34,10.0,113542.0,100,301,6000.0,2,874,0,833333.34,833333.34,75000.0,MACET
625,x626,P,38.0,499500.01,6.0,136125.01,100,301,6000.0,2,874,0,499500.01,499500.01,45000.0,MACET
626,x627,P,32.0,490833.35,6.0,107166.95,100,301,6000.0,2,874,0,398333.35,398333.35,37500.0,MACET
627,x628,P,41.0,1000000.0,40.0,27250.0,100,301,6000.0,2,874,0,1000000.0,1000000.0,90000.0,MACET
628,x629,L,46.0,1123750.0,9.0,136111.12,100,301,6000.0,2,874,0,1123750.0,1123750.0,101250.0,MACET
629,x630,P,25.0,1000000.0,100.0,11500.0,100,301,6000.0,2,874,0,460000.0,460000.0,69000.0,MACET
630,x631,P,39.0,3000000.0,24.0,147500.0,100,301,6000.0,2,874,0,1625000.0,1625000.0,292500.0,MACET
631,x632,L,39.0,5000000.0,24.0,245833.41,100,301,6000.0,2,874,0,208333.41,208333.41,37500.0,MACET
632,x633,P,32.0,1000000.0,100.0,11500.0,100,301,6000.0,2,874,0,100000.0,100000.0,15500.0,MACET
633,x634,L,43.0,1000000.0,100.0,11500.0,100,301,6000.0,2,874,0,1000000.0,1000000.0,150000.0,MACET
634,x635,P,30.0,1500000.0,20.0,86250.0,100,301,6000.0,2,874,0,1152250.0,1152250.0,168750.0,MACET
635,x636,P,46.0,2000000.0,24.0,98333.41,100,301,6000.0,2,874,0,583333.39,583333.39,105000.0,MACET
636,x637,P,38.0,1000000.0,100.0,11500.0,100,301,6000.0,2,874,0,167000.0,167000.0,25500.0,MACET
637,x638,L,43.0,1000000.0,100.0,11500.0,100,301,6000.0,2,874,0,787000.0,787000.0,118500.0,MACET
638,x639,P,48.0,1500000.0,16.0,105000.0,100,301,6000.0,2,874,0,1218750.0,1218750.0,146250.0,MACET
639,x640,P,38.0,1000000.0,12.0,90833.37,100,301,6000.0,2,874,0,833333.34,833333.34,75000.0,MACET
640,x641,L,39.0,8000000.0,100.0,89600.0,100,301,6000.0,2,874,0,2274400.0,2274400.0,278400.0,MACET
641,x642,P,40.0,2500000.0,20.0,143750.0,100,301,6000.0,2,874,0,1000000.0,1000000.0,150000.0,MACET
642,x643,L,36.0,1000000.0,12.0,90833.37,100,301,6000.0,2,874,0,666000.0,666000.0,60000.0,MACET
643,x644,L,40.0,2000000.0,16.0,140000.0,100,301,6000.0,2,874,0,250000.0,250000.0,30000.0,MACET
644,x645,P,37.0,1500000.0,12.0,136250.0,100,301,6000.0,2,874,0,750000.0,750000.0,67500.0,MACET
645,x646,L,48.0,1500000.0,1.0,1545000.0,100,301,6000.0,2,874,0,700000.0,700000.0,45000.0,MACET
646,x647,L,34.0,1200000.0,10.0,138000.0,100,301,6000.0,2,874,875,1144000.0,1144000.0,0.0,MACET
647,x648,P,42.0,1090000.0,10.0,109000.0,100,301,6000.0,2,874,875,940000.0,940000.0,0.0,MACET
648,x649,P,39.0,600000.0,10.0,69000.0,100,301,6000.0,2,874,875,554000.0,554000.0,0.0,MACET
649,x650,L,41.0,1500000.0,10.0,172500.0,100,301,6000.0,2,874,875,1520000.0,1520000.0,0.0,MACET
650,x651,P,35.0,1710000.0,10.0,190000.0,100,301,6000.0,2,874,800,1678000.0,1678000.0,0.0,MACET
651,x652,L,38.0,1750000.0,10.0,175000.0,100,301,6000.0,2,874,800,1115000.0,1115000.0,0.0,MACET
652,x653,P,38.0,1000000.0,100.0,11500.0,100,301,6000.0,2,874,0,608500.0,608500.0,91500.0,MACET
653,x654,L,40.0,336461.0,10.0,33646.1,100,301,6000.0,2,874,875,336461.0,336461.0,0.0,MACET
654,x655,L,36.0,2333332.0,10.0,233333.2,100,301,6000.0,2,874,875,2333332.0,2333332.0,0.0,MACET
655,x656,P,40.0,670000.0,10.0,67000.0,100,301,6000.0,2,874,875,627210.53,627210.53,0.0,MACET
656,x657,L,39.0,390000.0,10.0,48000.0,100,301,6000.0,2,874,875,390000.0,390000.0,0.0,MACET
657,x658,L,40.0,100000000.0,20.0,0.0,100,301,6000.0,2,874,875,62000000.0,57000000.0,11000000.0,MACET
658,x659,L,33.0,447500.0,10.0,44750.0,100,301,6000.0,2,874,875,427500.0,427500.0,0.0,MACET
659,x660,P,41.0,2950000.0,8.0,368750.0,100,301,6000.0,2,874,0,1450000.0,1450000.0,0.0,MACET
660,x661,P,36.0,538000.0,8.0,89714.18,100,301,6000.0,2,874,0,399250.0,399250.0,78750.0,MACET
661,x662,P,32.0,220000.0,4.0,55000.0,100,301,6000.0,2,874,0,220000.0,220000.0,0.0,MACET
662,x663,P,2.0,2300000.0,10.0,230000.0,100,301,6000.0,2,874,0,711000.0,711000.0,0.0,MACET
663,x664,P,48.0,1500000.0,16.0,105000.0,100,301,6000.0,2,874,0,882500.0,882500.0,112500.0,MACET
664,x665,L,39.0,896000.0,24.0,47500.0,100,301,6000.0,2,874,0,594000.0,594000.0,36000.0,MACET
665,x666,P,46.0,3000000.0,16.0,210000.0,100,301,6000.0,2,874,0,1125000.0,1125000.0,135000.0,MACET
666,x667,P,31.0,1500000.0,20.0,86250.0,100,301,6000.0,2,874,0,352500.0,352500.0,56250.0,MACET
667,x668,P,35.0,3000000.0,20.0,172500.0,100,301,6000.0,2,874,0,450000.0,450000.0,67500.0,MACET
668,x669,P,29.0,1500000.0,16.0,105000.0,100,301,6000.0,2,874,0,1125000.0,1125000.0,145000.0,MACET
669,x670,P,48.0,100000.0,10.0,11500.0,100,301,6000.0,2,874,800,115000.0,115000.0,0.0,MACET
670,x671,P,2.0,1030000.0,10.0,103000.0,100,301,6000.0,2,874,875,1030000.0,1030000.0,0.0,MACET
671,x672,L,39.0,7083331.0,15.0,586444.26,100,301,6000.0,2,874,875,772440.76,772440.76,228444.1,MACET
672,x673,P,23.0,2255000.0,10.0,225500.0,100,301,6000.0,2,874,875,1055000.0,1055000.0,0.0,MACET
673,x674,L,37.0,3000000.0,12.0,340000.0,100,301,6000.0,2,874,874,2150000.0,2150000.0,810000.0,MACET
674,x675,L,27.0,630000.0,10.0,71750.0,100,301,6000.0,2,874,0,563750.0,563750.0,78750.0,MACET
675,x676,P,33.0,203000.0,7.0,39083.35,100,301,6000.0,2,874,0,132000.0,132000.0,22500.0,MACET
676,x677,P,30.0,300000.0,8.0,43500.0,100,301,6000.0,2,874,0,300000.0,300000.0,48000.0,MACET
677,x678,L,31.0,472500.0,4.0,165000.0,100,301,6000.0,2,874,0,472500.0,472500.0,22500.0,MACET
678,x679,L,30.0,600000.0,2.0,350000.0,100,301,6000.0,2,874,0,600000.0,600000.0,100000.0,MACET
679,x680,P,35.0,1500000.0,6.0,295000.0,100,301,6000.0,2,874,0,90000.0,90000.0,45000.0,MACET
680,x681,L,55.0,1280000.0,11.0,137508.0,100,301,6000.0,2,874,0,1093636.0,1093636.0,136360.04,MACET
681,x682,L,38.0,1500000.0,20.0,86250.0,100,301,6000.0,2,874,0,214000.0,214000.0,33750.0,MACET
682,x683,L,49.0,1000000.0,100.0,11500.0,100,301,6000.0,2,874,0,450000.0,450000.0,67000.0,MACET
683,x684,P,38.0,1000000.0,12.0,90833.37,100,301,6000.0,2,874,0,833000.0,833000.0,75000.0,MACET
684,x685,P,44.0,83333.33,1.0,90833.33,100,301,6000.0,2,874,0,83333.33,83333.33,7500.0,MACET
685,x686,P,39.0,3000000.0,24.0,147500.0,100,301,6000.0,2,874,0,997500.0,997500.0,180000.0,MACET
686,x687,P,50.0,500000.0,16.0,35000.0,100,301,6000.0,2,874,0,125000.0,125000.0,15000.0,MACET
687,x688,L,42.0,582500.0,7.0,90714.32,100,301,6000.0,2,874,0,582500.0,582500.0,52500.0,MACET
688,x689,P,43.0,1000000.0,16.0,70000.0,100,301,6000.0,2,874,0,562500.0,562500.0,67500.0,MACET
689,x690,P,48.0,2000000.0,24.0,98333.41,100,301,6000.0,2,874,0,1831000.0,1831000.0,330000.0,MACET
690,x691,L,53.0,5000000.0,24.0,245833.41,100,301,6000.0,2,874,0,3112500.02,3112500.02,562500.0,MACET
691,x692,P,31.0,1000000.0,20.0,90833.37,100,301,6000.0,2,874,0,550000.0,550000.0,82500.0,MACET
692,x693,L,44.0,1500000.0,20.0,86250.0,100,301,6000.0,2,874,0,962500.0,962500.0,146250.0,MACET
693,x694,P,42.0,500000.0,60.0,9333.53,100,301,6000.0,2,874,0,178000.0,178000.0,22000.0,MACET
694,x695,L,28.0,660500.01,8.0,90062.51,100,301,6000.0,2,874,0,402000.01,402000.01,37500.0,MACET
695,x696,P,36.0,700000.0,100.0,7840.0,100,301,6000.0,2,874,0,235440.0,235440.0,28560.0,MACET
696,x697,P,37.0,2000000.0,16.0,140000.0,100,301,6000.0,2,874,0,935000.0,935000.0,105000.0,MACET
697,x698,P,40.0,1500000.0,12.0,136250.0,100,301,6000.0,2,874,0,1111250.0,1111250.0,101250.0,MACET
698,x699,P,45.0,1000000.0,16.0,90833.37,100,301,6000.0,2,874,0,595000.0,595000.0,75000.0,MACET
699,x700,L,48.0,2000000.0,20.0,115000.0,100,301,6000.0,2,874,0,395000.0,395000.0,45000.0,MACET
700,x701,P,44.0,900000.0,11.0,91636.22,100,301,6000.0,2,874,0,198544.0,198544.0,29454.02,MACET
701,x702,P,61.0,1000000.0,100.0,11500.0,100,301,6000.0,2,874,0,434000.0,434000.0,65500.0,MACET
702,x703,L,40.0,1000000.0,12.0,90833.37,100,301,6000.0,2,874,0,368946.67,368946.67,37500.0,MACET
703,x704,L,40.0,3000000.0,20.0,172500.0,100,301,6000.0,2,874,0,450000.0,450000.0,67500.0,MACET
704,x705,L,26.0,1000000.0,16.0,70000.0,100,301,6000.0,2,874,0,500000.0,500000.0,60000.0,MACET
705,x706,P,49.0,1500000.0,16.0,105000.0,100,301,6000.0,2,874,0,562500.0,562500.0,67500.0,MACET
706,x707,L,49.0,1500000.0,16.0,105000.0,100,301,6000.0,2,874,0,848750.0,848750.0,101250.0,MACET
707,x708,P,32.0,2000000.0,12.0,181666.74,100,301,6000.0,2,874,0,1130000.02,1130000.02,105000.0,MACET
708,x709,P,28.0,3000000.0,16.0,210000.0,100,301,6000.0,2,874,0,1705000.0,1705000.0,225000.0,MACET
709,x710,P,54.0,1000000.0,16.0,90833.37,100,301,6000.0,2,874,0,782500.0,782500.0,97500.0,MACET
710,x711,L,40.0,1000000.0,12.0,90833.37,100,301,6000.0,2,874,0,380166.68,380166.68,37500.0,MACET
711,x712,P,35.0,680000.0,5.0,154000.0,100,301,6000.0,2,874,875,516000.0,516000.0,54000.0,MACET
712,x713,P,31.0,499999.0,10.0,58999.9,100,301,6000.0,2,874,875,589999.0,589999.0,0.0,MACET
713,x714,L,33.0,666666.72,8.0,98333.37,100,301,6000.0,2,874,874,583333.35,583333.35,105000.0,MACET
714,x715,P,46.0,930416.76,11.0,99924.36,100,301,6000.0,2,874,0,58826.76,58826.76,15341.1,LANCAR
715,x716,L,43.0,437500.0,7.0,66214.04,100,301,6000.0,2,874,0,437500.0,437500.0,25998.04,MACET
716,x717,L,38.0,2480000.0,10.0,248000.0,100,301,6000.0,2,874,875,1988000.0,1988000.0,0.0,MACET
717,x718,L,33.0,921260.0,10.0,92126.0,100,301,6000.0,2,874,875,771260.0,771260.0,0.0,MACET
718,x719,P,47.0,1020000.0,10.0,121325.0,100,301,6000.0,2,874,875,673000.0,673000.0,0.0,MACET
719,x720,L,37.0,195000.0,10.0,20085.0,100,301,6000.0,2,874,875,200850.0,200850.0,0.0,MACET
720,x721,P,39.0,10000000.0,24.0,0.0,100,301,6000.0,2,874,875,1666660.0,1666660.0,400000.0,MACET
721,x722,L,40.0,1130000.0,10.0,113000.0,100,301,6000.0,2,874,0,930000.0,930000.0,0.0,MACET
722,x723,P,45.0,875000.0,7.0,140000.0,100,301,6000.0,2,874,0,875000.0,875000.0,105000.0,MACET
723,x724,L,29.073976221928667,632728.0,11.0,62727.86,100,301,6000.0,2,874,0,632728.0,632728.0,57277.06,MACET
724,x725,P,19.0,833333.34,10.0,100925.97,100,301,6000.0,2,874,0,749833.34,749833.34,67500.0,MACET
725,x726,L,25.0,750000.0,10.0,86438.0,100,301,6000.0,2,874,0,750000.0,750000.0,114380.0,MACET
726,x727,P,48.0,521000.0,6.0,94333.35,100,301,6000.0,2,874,0,481000.0,481000.0,45000.0,MACET
727,x728,P,40.0,499833.35,6.0,90805.85,100,301,6000.0,2,874,0,499833.35,499833.35,45000.0,MACET
728,x729,P,47.0,347000.0,7.0,55571.48,100,301,6000.0,2,874,0,347000.0,347000.0,42000.0,MACET
729,x730,P,45.0,574166.68,7.0,89523.85,100,301,6000.0,2,874,0,481666.68,481666.68,45000.0,MACET
730,x731,P,-47.0,833333.34,10.0,90833.64,100,301,6000.0,2,874,0,833333.34,833333.34,75000.0,MACET
731,x732,P,53.0,130000.02,2.0,145000.02,100,301,6000.0,2,874,0,130000.02,130000.02,15000.0,MACET
732,x733,P,24.0,2500000.0,7.0,432142.9,100,301,6000.0,2,874,0,2500000.0,2500000.0,525000.0,MACET
733,x734,P,35.0,499833.35,6.0,136208.6,100,301,6000.0,2,874,0,499833.35,499833.35,45000.0,MACET
734,x735,L,30.0,297500.0,5.0,64500.0,100,301,6000.0,2,874,0,297500.0,297500.0,25000.0,MACET
735,x736,P,29.0,218750.0,4.0,58437.5,100,301,6000.0,2,874,0,218750.0,218750.0,15000.0,MACET
736,x737,L,65.0,666333.34,8.0,103761.88,100,301,6000.0,2,874,0,666333.34,666333.34,60000.0,MACET
737,x738,L,33.0,812750.0,11.0,93650.0,100,301,6000.0,2,874,0,812750.0,812750.0,123750.0,MACET
738,x739,L,-44.0,1000000.0,5.0,230000.0,100,301,6000.0,2,874,0,1000000.0,1000000.0,150000.0,MACET
739,x740,L,47.0,1000000.0,5.0,230000.0,100,301,6000.0,2,874,0,600000.0,600000.0,90000.0,MACET
740,x741,L,35.0,750000.0,8.0,168000.0,100,301,6000.0,2,874,0,468750.0,468750.0,56250.0,MACET
741,x742,P,64.0,1500000.0,20.0,86250.0,100,301,6000.0,2,874,0,475000.0,475000.0,78750.0,MACET
742,x743,P,58.0,1000000.0,100.0,11500.0,100,301,6000.0,2,874,0,136000.0,136000.0,21000.0,MACET
743,x744,P,36.0,1000000.0,100.0,11500.0,100,301,6000.0,2,874,0,753500.0,753500.0,112500.0,MACET
744,x745,P,36.0,1500000.0,20.0,86250.0,100,301,6000.0,2,874,0,810250.0,810250.0,123750.0,MACET
745,x746,P,32.0,1000000.0,100.0,11500.0,100,301,6000.0,2,874,0,612000.0,612000.0,93000.0,MACET
746,x747,L,30.0,1000000.0,16.0,70000.0,100,301,6000.0,2,874,0,312500.0,312500.0,37500.0,MACET
747,x748,P,36.0,1500000.0,100.0,17250.0,100,301,6000.0,2,874,0,692750.0,692750.0,105750.0,MACET
748,x749,P,29.0,1500000.0,100.0,17250.0,100,301,6000.0,2,874,0,823000.0,823000.0,123750.0,MACET
749,x750,L,44.0,1500000.0,20.0,86250.0,100,301,6000.0,2,874,0,894000.0,894000.0,135000.0,MACET
750,x751,L,52.0,1500000.0,100.0,21563.0,100,301,6000.0,2,874,0,1390750.0,1390750.0,209250.0,MACET
751,x752,P,23.0,1000000.0,12.0,90833.37,100,301,6000.0,2,874,0,74166.7,74166.7,7500.0,MACET
752,x753,P,34.0,1000000.0,12.0,90833.37,100,301,6000.0,2,874,0,668666.67,668666.67,67500.0,MACET
753,x754,P,34.0,1500000.0,20.0,86250.0,100,301,6000.0,2,874,0,750000.0,750000.0,112500.0,MACET
754,x755,P,52.0,1000000.0,12.0,90833.37,100,301,6000.0,2,874,0,416333.35,416333.35,37500.0,MACET
755,x756,P,58.0,1500000.0,20.0,86250.0,100,301,6000.0,2,874,0,218250.0,218250.0,33750.0,MACET
756,x757,L,45.0,1500000.0,5.0,345000.0,100,301,6000.0,2,874,0,300000.0,300000.0,40000.0,LANCAR
757,x758,L,0.0,1500000.0,16.0,105000.0,100,301,6000.0,2,874,0,843750.0,843750.0,101250.0,MACET
758,x759,L,41.0,1500000.0,80.0,21000.0,100,301,6000.0,2,874,0,572500.0,572500.0,67500.0,MACET
759,x760,P,25.0,1500000.0,100.0,17250.0,100,301,6000.0,2,874,0,1080000.0,1080000.0,164000.0,MACET
760,x761,P,24.0,1500000.0,16.0,105000.0,100,301,6000.0,2,874,0,700000.0,700000.0,90000.0,MACET
761,x762,L,38.0,1000000.0,16.0,70000.0,100,301,6000.0,2,874,0,812500.0,812500.0,97500.0,MACET
762,x763,P,36.0,1000000.0,12.0,90833.37,100,301,6000.0,2,874,0,429000.0,429000.0,45000.0,MACET
763,x764,L,28.0,2000000.0,10.0,260000.0,100,301,6000.0,2,874,0,600000.0,600000.0,180000.0,MACET
764,x765,P,31.0,1312500.0,7.0,198750.0,100,301,6000.0,2,874,0,1312500.0,1312500.0,78750.0,MACET
765,x766,P,36.0,2000000.0,4.0,550000.0,100,301,6000.0,2,874,0,1000000.0,1000000.0,100000.0,MACET
